[19:13:46] [main/INFO]: ModLauncher running: args [--username, bramdeman111, --version, neoforge-21.1.248, --gameDir, C:\Users\bramb\curseforge\minecraft\Instances\sience for meth forever test, --assetsDir, C:\Users\bramb\curseforge\minecraft\Install\assets, --assetIndex, 17, --uuid, 7d581817862146c986eebc3283879b9a, --accessToken, ❄❄❄❄❄❄❄❄, --clientId, OTlmZWJhNjctMTFhOS00NGRlLWJiZGMtNTk4NTYzMGVjOGJi, --xuid, 2535448995294289, --userType, msa, --versionType, release, --width, 2560, --height, 1440, --quickPlayPath, C:\Users\bramb\curseforge\minecraft\Install\quickPlay\java\1787246025029.json, --fml.neoForgeVersion, 21.1.248, --fml.fmlVersion, 4.0.43, --fml.mcVersion, 1.21.1, --fml.neoFormVersion, 20240808.144430, --launchTarget, forgeclient]
[19:13:46] [main/INFO]: JVM identified as Eclipse Adoptium OpenJDK 64-Bit Server VM 21.0.11+10-LTS
[19:13:46] [main/INFO]: ModLauncher 11.0.5+main.901c6ea8 starting: java version 21.0.11 by Eclipse Adoptium; OS Windows 11 arch amd64 version 10.0
[19:13:46] [main/INFO]: Searching for graphics cards...
[19:13:46] [main/INFO]: Found graphics adapter: AdapterInfo{vendor=AMD, description='AMD Radeon(TM) Graphics', adapterType=0x00002323, openglIcdFilePath='C:\WINDOWS\System32\DriverStore\FileRepository\u0200157.inf_amd64_71e242c550b2398a\B025930\atig6pxx.dll', openglIcdVersion=32.0.21042.62}
[19:13:46] [main/INFO]: Found graphics adapter: AdapterInfo{vendor=NVIDIA, description='NVIDIA GeForce RTX 5070', adapterType=0x0000031B, openglIcdFilePath='C:\WINDOWS\System32\DriverStore\FileRepository\nv_dispi.inf_amd64_0373d825005116d0\nvoglv64.dll', openglIcdVersion=32.0.16.1088}
[19:13:46] [main/WARN]: Sodium has applied one or more workarounds to prevent crashes or other issues on your system: [NVIDIA_THREADED_OPTIMIZATIONS_BROKEN, AMD_GAME_OPTIMIZATION_BROKEN]
[19:13:46] [main/WARN]: This is not necessarily an issue, but it may result in certain features or optimizations being disabled. You can sometimes fix these issues by upgrading your graphics driver.
[19:13:46] [main/INFO]: Modifying process environment to apply workarounds for the NVIDIA graphics driver...
[19:13:46] [main/INFO]: Loading ImmediateWindowProvider fmlearlywindow
[19:13:46] [main/INFO]: Trying GL version 4.6
[19:13:47] [main/INFO]: Requested GL version 4.6 got version 4.6
[19:13:47] [pool-2-thread-1/INFO]: GL info: NVIDIA GeForce RTX 5070/PCIe/SSE2 GL version 4.6.0 NVIDIA 610.88, NVIDIA Corporation
[19:13:47] [main/INFO]: Starting Essential Loader (stage2) version 1.8.0 (4dad5866273e5beba83449a1e0460378) [stable]
[19:13:47] [main/INFO]: Launching CrashAssistantApp (CrashAssistant-neoforge-1.20.6-1.21.4-1.11.12.jar)
[19:13:48] [main/INFO]: SpongePowered MIXIN Subsystem Version=0.8.7 Source=union:/C:/Users/bramb/curseforge/minecraft/Install/libraries/net/fabricmc/sponge-mixin/0.15.2+mixin.0.8.7/sponge-mixin-0.15.2+mixin.0.8.7.jar%23121!/ Service=ModLauncher Env=CLIENT
[19:13:48] [CrashAssistantApp process logger/INFO]: CrashAssistantApp process successfully started.
[19:13:48] [main/INFO]: Found mod file "client-1.21.1-20240808.144430-srg.jar" [locator: production client provider +net.neoforged:neoforge:21.1.248:client]
[19:13:48] [main/INFO]: Found mod file "neoforge-21.1.248-universal.jar" [locator: PathBasedLocator[name=neoforge, paths=[C:\Users\bramb\curseforge\minecraft\Install\libraries\net\neoforged\neoforge\21.1.248\neoforge-21.1.248-universal.jar]], reader: mod manifest]
[19:13:48] [main/INFO]: Found library file "~nonexistent" [locator: org.sinytra.connector.locator.ConnectorEarlyLocatorBootstrap@51d719bc]
[19:13:48] [main/INFO]: Found mod file "net.caffeinemc.sodium-neoforge-0.8.12+mc1.21.1-mod.jar" [locator: net.caffeinemc.mods.sodium.service.SodiumServiceModLocator@c29fe36, reader: mod manifest]
[19:13:48] [main/INFO]: Found mod file "fabric-rendering-data-attachment-v1-0.3.48+73761d2e19.jar" [locator: net.caffeinemc.mods.sodium.service.SodiumServiceModLocator@c29fe36, reader: mod manifest]
[19:13:48] [main/INFO]: Found mod file "fabric-renderer-api-v1-3.4.1+9125b6dc19.jar" [locator: net.caffeinemc.mods.sodium.service.SodiumServiceModLocator@c29fe36, reader: mod manifest]
[19:13:48] [main/INFO]: Found mod file "fabric-block-view-api-v2-1.0.10+9afaaf8c19.jar" [locator: net.caffeinemc.mods.sodium.service.SodiumServiceModLocator@c29fe36, reader: mod manifest]
[19:13:48] [main/INFO]: Found mod file "fabric-api-base-0.4.42+d1308ded19.jar" [locator: net.caffeinemc.mods.sodium.service.SodiumServiceModLocator@c29fe36, reader: mod manifest]
[19:13:48] [main/INFO]: Found mod file "[1.21.1] SecurityCraft v1.10.2.1.jar" [locator: {mods folder locator at C:\Users\bramb\curseforge\minecraft\Instances\sience for meth forever test\mods}, reader: mod manifest]
[19:13:48] [main/INFO]: Found mod file "acedium-0.4.1+mc1.21.1.jar" [locator: {mods folder locator at C:\Users\bramb\curseforge\minecraft\Instances\sience for meth forever test\mods}, reader: mod manifest]
[19:13:48] [main/INFO]: Found mod file "aerocopycats-1.1.1.jar" [locator: {mods folder locator at C:\Users\bramb\curseforge\minecraft\Instances\sience for meth forever test\mods}, reader: mod manifest]
[19:13:48] [main/INFO]: Found mod file "alchemancy-2.1.3-NeoForge-1.21.1.jar" [locator: {mods folder locator at C:\Users\bramb\curseforge\minecraft\Instances\sience for meth forever test\mods}, reader: mod manifest]
[19:13:48] [main/INFO]: Found mod file "alex-mobs-tweaks-omni-1.3.0.jar" [locator: {mods folder locator at C:\Users\bramb\curseforge\minecraft\Instances\sience for meth forever test\mods}, reader: mod manifest]
[19:13:48] [main/INFO]: Found mod file "alexscaves-2.0.10.jar" [locator: {mods folder locator at C:\Users\bramb\curseforge\minecraft\Instances\sience for meth forever test\mods}, reader: mod manifest]
[19:13:48] [main/INFO]: Found mod file "alexsdelight-1.6.jar" [locator: {mods folder locator at C:\Users\bramb\curseforge\minecraft\Instances\sience for meth forever test\mods}, reader: mod manifest]
[19:13:48] [main/INFO]: Found mod file "alexsmobs-2.1.4-neoforge+1.21.1.jar" [locator: {mods folder locator at C:\Users\bramb\curseforge\minecraft\Instances\sience for meth forever test\mods}, reader: mod manifest]
[19:13:48] [main/INFO]: Found mod file "amendments-neoforge-1.21-2.1.7.jar" [locator: {mods folder locator at C:\Users\bramb\curseforge\minecraft\Instances\sience for meth forever test\mods}, reader: mod manifest]
[19:13:48] [main/INFO]: Found mod file "appleskin-neoforge-mc1.21-3.0.9.jar" [locator: {mods folder locator at C:\Users\bramb\curseforge\minecraft\Instances\sience for meth forever test\mods}, reader: mod manifest]
[19:13:48] [main/INFO]: Found mod file "architectury-13.0.11-neoforge.jar" [locator: {mods folder locator at C:\Users\bramb\curseforge\minecraft\Instances\sience for meth forever test\mods}, reader: mod manifest]
[19:13:48] [main/INFO]: Found mod file "atomicreate-0.8.1.jar" [locator: {mods folder locator at C:\Users\bramb\curseforge\minecraft\Instances\sience for meth forever test\mods}, reader: mod manifest]
[19:13:48] [main/INFO]: Found mod file "BadOptimizations-2.4.1-1.21.1.jar" [locator: {mods folder locator at C:\Users\bramb\curseforge\minecraft\Instances\sience for meth forever test\mods}, reader: mod manifest]
[19:13:48] [main/INFO]: Found mod file "balm-neoforge-1.21.1-21.0.65.jar" [locator: {mods folder locator at C:\Users\bramb\curseforge\minecraft\Instances\sience for meth forever test\mods}, reader: mod manifest]
[19:13:48] [main/INFO]: Found mod file "better_create-1.0.0-neoforge-1.21.1.jar" [locator: {mods folder locator at C:\Users\bramb\curseforge\minecraft\Instances\sience for meth forever test\mods}, reader: mod manifest]
[19:13:48] [main/INFO]: Found mod file "better_lib-neoforge-1.21.1-1.0.111.jar" [locator: {mods folder locator at C:\Users\bramb\curseforge\minecraft\Instances\sience for meth forever test\mods}, reader: mod manifest]
[19:13:48] [main/INFO]: Found mod file "betterbiomeblend-1.5.2.jar" [locator: {mods folder locator at C:\Users\bramb\curseforge\minecraft\Instances\sience for meth forever test\mods}, reader: mod manifest]
[19:13:48] [main/INFO]: Found mod file "blocksyouneed_luna-1.11.4-neoforge-1.21.1.jar" [locator: {mods folder locator at C:\Users\bramb\curseforge\minecraft\Instances\sience for meth forever test\mods}, reader: mod manifest]
[19:13:48] [main/INFO]: Found mod file "carryon-neoforge-1.21.1-2.2.6.13.jar" [locator: {mods folder locator at C:\Users\bramb\curseforge\minecraft\Instances\sience for meth forever test\mods}, reader: mod manifest]
[19:13:48] [main/INFO]: Found mod file "cbc_at_Neoforge_1.21.1_0.1.4c.jar" [locator: {mods folder locator at C:\Users\bramb\curseforge\minecraft\Instances\sience for meth forever test\mods}, reader: mod manifest]
[19:13:48] [main/INFO]: Found mod file "cbcoptics-0.2.2-all.jar" [locator: {mods folder locator at C:\Users\bramb\curseforge\minecraft\Instances\sience for meth forever test\mods}, reader: mod manifest]
[19:13:48] [main/INFO]: Found mod file "chunksending-1.21-3.7.jar" [locator: {mods folder locator at C:\Users\bramb\curseforge\minecraft\Instances\sience for meth forever test\mods}, reader: mod manifest]
[19:13:48] [main/INFO]: Found mod file "Chunky-NeoForge-1.4.23.jar" [locator: {mods folder locator at C:\Users\bramb\curseforge\minecraft\Instances\sience for meth forever test\mods}, reader: mod manifest]
[19:13:48] [main/INFO]: Found mod file "citadel-1.21.1-2.7.6.jar" [locator: {mods folder locator at C:\Users\bramb\curseforge\minecraft\Instances\sience for meth forever test\mods}, reader: mod manifest]
[19:13:48] [main/INFO]: Found mod file "citadel-2.7.1-1.21.1.jar" [locator: {mods folder locator at C:\Users\bramb\curseforge\minecraft\Instances\sience for meth forever test\mods}, reader: mod manifest]
[19:13:48] [main/INFO]: Found mod file "cloth-config-15.0.140-neoforge.jar" [locator: {mods folder locator at C:\Users\bramb\curseforge\minecraft\Instances\sience for meth forever test\mods}, reader: mod manifest]
[19:13:48] [main/INFO]: Found mod file "Clumps-neoforge-1.21.1-19.0.0.1.jar" [locator: {mods folder locator at C:\Users\bramb\curseforge\minecraft\Instances\sience for meth forever test\mods}, reader: mod manifest]
[19:13:48] [main/INFO]: Found mod file "cms-neoforge-1.2.0.jar" [locator: {mods folder locator at C:\Users\bramb\curseforge\minecraft\Instances\sience for meth forever test\mods}, reader: mod manifest]
[19:13:48] [main/INFO]: Found mod file "coasters_extras-neoforge-1.21.1-1.2.1.jar" [locator: {mods folder locator at C:\Users\bramb\curseforge\minecraft\Instances\sience for meth forever test\mods}, reader: mod manifest]
[19:13:48] [main/INFO]: Found mod file "coasterssimulatedextratypes-1.1.0-hotfix1.jar" [locator: {mods folder locator at C:\Users\bramb\curseforge\minecraft\Instances\sience for meth forever test\mods}, reader: mod manifest]
[19:13:48] [main/INFO]: Found mod file "codxlib-1.5.0-neoforge+1.21.1.jar" [locator: {mods folder locator at C:\Users\bramb\curseforge\minecraft\Instances\sience for meth forever test\mods}, reader: mod manifest]
[19:13:48] [main/INFO]: Found mod file "colorwheel-neoforge-1.2.9+mc1.21.1.jar" [locator: {mods folder locator at C:\Users\bramb\curseforge\minecraft\Instances\sience for meth forever test\mods}, reader: mod manifest]
[19:13:48] [main/INFO]: Found mod file "colorwheel_patcher-neoforge-1.0.5+mc1.21.1.jar" [locator: {mods folder locator at C:\Users\bramb\curseforge\minecraft\Instances\sience for meth forever test\mods}, reader: mod manifest]
[19:13:48] [main/INFO]: Found mod file "comforts-neoforge-9.0.5+1.21.1.jar" [locator: {mods folder locator at C:\Users\bramb\curseforge\minecraft\Instances\sience for meth forever test\mods}, reader: mod manifest]
[19:13:48] [main/INFO]: Found mod file "configured-neoforge-1.21.1-2.6.3.jar" [locator: {mods folder locator at C:\Users\bramb\curseforge\minecraft\Instances\sience for meth forever test\mods}, reader: mod manifest]
[19:13:48] [main/INFO]: Found mod file "continuity-3.0.0+1.21.neoforge.jar" [locator: {mods folder locator at C:\Users\bramb\curseforge\minecraft\Instances\sience for meth forever test\mods}, reader: mod manifest]
[19:13:48] [main/INFO]: Found mod file "Controlling-neoforge-1.21.1-19.0.5.jar" [locator: {mods folder locator at C:\Users\bramb\curseforge\minecraft\Instances\sience for meth forever test\mods}, reader: mod manifest]
[19:13:48] [main/INFO]: Found mod file "copycats-3.0.4+mc.1.21.1-neoforge.jar" [locator: {mods folder locator at C:\Users\bramb\curseforge\minecraft\Instances\sience for meth forever test\mods}, reader: mod manifest]
[19:13:48] [main/INFO]: Found mod file "coroutil-neoforge-1.21.0-1.3.9.jar" [locator: {mods folder locator at C:\Users\bramb\curseforge\minecraft\Instances\sience for meth forever test\mods}, reader: mod manifest]
[19:13:48] [main/INFO]: Found mod file "create-1.21.1-6.0.10.jar" [locator: {mods folder locator at C:\Users\bramb\curseforge\minecraft\Instances\sience for meth forever test\mods}, reader: mod manifest]
[19:13:48] [main/INFO]: Found mod file "create-aeronautics-bundled-1.21.1-1.3.1.jar" [locator: {mods folder locator at C:\Users\bramb\curseforge\minecraft\Instances\sience for meth forever test\mods}, reader: mod manifest]
[19:13:48] [main/INFO]: Found mod file "create-gunsmithing-1.21.1-1.4.9.jar" [locator: {mods folder locator at C:\Users\bramb\curseforge\minecraft\Instances\sience for meth forever test\mods}, reader: mod manifest]
[19:13:48] [main/INFO]: Found mod file "create-new-age-1.2.0+neoforge-mc1.21.1.jar" [locator: {mods folder locator at C:\Users\bramb\curseforge\minecraft\Instances\sience for meth forever test\mods}, reader: mod manifest]
[19:13:48] [main/INFO]: Found mod file "create_aeronautics_toolgun-0.3.5.jar" [locator: {mods folder locator at C:\Users\bramb\curseforge\minecraft\Instances\sience for meth forever test\mods}, reader: mod manifest]
[19:13:48] [main/INFO]: Found mod file "create_aeronautics_transmission_linkage-0.2.5.jar" [locator: {mods folder locator at C:\Users\bramb\curseforge\minecraft\Instances\sience for meth forever test\mods}, reader: mod manifest]
[19:13:48] [main/INFO]: Found mod file "create_bb-1.0.7-1.21.1-Neoforge.jar" [locator: {mods folder locator at C:\Users\bramb\curseforge\minecraft\Instances\sience for meth forever test\mods}, reader: mod manifest]
[19:13:48] [main/INFO]: Found mod file "create_better_villagers-1.3.2.jar" [locator: {mods folder locator at C:\Users\bramb\curseforge\minecraft\Instances\sience for meth forever test\mods}, reader: mod manifest]
[19:13:48] [main/INFO]: Found mod file "create_bic_bit-1.0.2C.jar" [locator: {mods folder locator at C:\Users\bramb\curseforge\minecraft\Instances\sience for meth forever test\mods}, reader: mod manifest]
[19:13:48] [main/INFO]: Found mod file "create_break-neoforge-1.21.1-1.0.0.jar" [locator: {mods folder locator at C:\Users\bramb\curseforge\minecraft\Instances\sience for meth forever test\mods}, reader: mod manifest]
[19:13:48] [main/INFO]: Found mod file "create_break_it_all_2.0.0.jar" [locator: {mods folder locator at C:\Users\bramb\curseforge\minecraft\Instances\sience for meth forever test\mods}, reader: mod manifest]
[19:13:48] [main/INFO]: Found mod file "create_chocolate-3.6.0-1.21.1.jar" [locator: {mods folder locator at C:\Users\bramb\curseforge\minecraft\Instances\sience for meth forever test\mods}, reader: mod manifest]
[19:13:48] [main/INFO]: Found mod file "create_colored_chain_conveyor-1.0.2.jar" [locator: {mods folder locator at C:\Users\bramb\curseforge\minecraft\Instances\sience for meth forever test\mods}, reader: mod manifest]
[19:13:48] [main/INFO]: Found mod file "create_connected-1.3.2-mc1.21.1.jar" [locator: {mods folder locator at C:\Users\bramb\curseforge\minecraft\Instances\sience for meth forever test\mods}, reader: mod manifest]
[19:13:48] [main/INFO]: Found mod file "create_dimension-1.0.4.jar" [locator: {mods folder locator at C:\Users\bramb\curseforge\minecraft\Instances\sience for meth forever test\mods}, reader: mod manifest]
[19:13:48] [main/INFO]: Found mod file "create_enhanced_schematicannon-1.0.4.jar" [locator: {mods folder locator at C:\Users\bramb\curseforge\minecraft\Instances\sience for meth forever test\mods}, reader: mod manifest]
[19:13:48] [main/INFO]: Found mod file "create_expanded_logistics-1.2.1.jar" [locator: {mods folder locator at C:\Users\bramb\curseforge\minecraft\Instances\sience for meth forever test\mods}, reader: mod manifest]
[19:13:48] [main/INFO]: Found mod file "create_extra_casing-4.0.4.jar" [locator: {mods folder locator at C:\Users\bramb\curseforge\minecraft\Instances\sience for meth forever test\mods}, reader: mod manifest]
[19:13:48] [main/INFO]: Found mod file "create_ice_creams-1.51.jar" [locator: {mods folder locator at C:\Users\bramb\curseforge\minecraft\Instances\sience for meth forever test\mods}, reader: mod manifest]
[19:13:48] [main/INFO]: Found mod file "create_jetpack-forge-5.2.1.jar" [locator: {mods folder locator at C:\Users\bramb\curseforge\minecraft\Instances\sience for meth forever test\mods}, reader: mod manifest]
[19:13:48] [main/INFO]: Found mod file "create_jetpack_curios-1.2.0-neoforge-1.21.1.jar" [locator: {mods folder locator at C:\Users\bramb\curseforge\minecraft\Instances\sience for meth forever test\mods}, reader: mod manifest]
[19:13:48] [main/INFO]: Found mod file "create_mob_spawners-1.1.0.jar" [locator: {mods folder locator at C:\Users\bramb\curseforge\minecraft\Instances\sience for meth forever test\mods}, reader: mod manifest]
[19:13:48] [main/INFO]: Found mod file "create_radar-0.4.9.4-1.21.1.jar" [locator: {mods folder locator at C:\Users\bramb\curseforge\minecraft\Instances\sience for meth forever test\mods}, reader: mod manifest]
[19:13:48] [main/INFO]: Found mod file "create_sophback_compat-1.0.jar" [locator: {mods folder locator at C:\Users\bramb\curseforge\minecraft\Instances\sience for meth forever test\mods}, reader: mod manifest]
[19:13:48] [main/INFO]: Found mod file "create_train_parts-0.5.2-1.21.1-6.0.10-281.jar" [locator: {mods folder locator at C:\Users\bramb\curseforge\minecraft\Instances\sience for meth forever test\mods}, reader: mod manifest]
[19:13:48] [main/INFO]: Found mod file "create_waterframes-1.0.jar" [locator: {mods folder locator at C:\Users\bramb\curseforge\minecraft\Instances\sience for meth forever test\mods}, reader: mod manifest]
[19:13:48] [main/INFO]: Found mod file "createaddition-1.6.0.jar" [locator: {mods folder locator at C:\Users\bramb\curseforge\minecraft\Instances\sience for meth forever test\mods}, reader: mod manifest]
[19:13:48] [main/INFO]: Found mod file "CreateAeronauticsCopycatWing-1.21.1-1.0.2.jar" [locator: {mods folder locator at C:\Users\bramb\curseforge\minecraft\Instances\sience for meth forever test\mods}, reader: mod manifest]
[19:13:48] [main/INFO]: Found mod file "createalchemy-1.4.0.jar" [locator: {mods folder locator at C:\Users\bramb\curseforge\minecraft\Instances\sience for meth forever test\mods}, reader: mod manifest]
[19:13:48] [main/INFO]: Found mod file "createbb-1.1.3.jar" [locator: {mods folder locator at C:\Users\bramb\curseforge\minecraft\Instances\sience for meth forever test\mods}, reader: mod manifest]
[19:13:48] [main/INFO]: Found mod file "createbetterfps-1.21.1-1.1.4.jar" [locator: {mods folder locator at C:\Users\bramb\curseforge\minecraft\Instances\sience for meth forever test\mods}, reader: mod manifest]
[19:13:48] [main/INFO]: Found mod file "createbigcannons-5.11.7+mc.1.21.1.jar" [locator: {mods folder locator at C:\Users\bramb\curseforge\minecraft\Instances\sience for meth forever test\mods}, reader: mod manifest]
[19:13:48] [main/INFO]: Found mod file "createchemistry-ce-1.2.0.jar" [locator: {mods folder locator at C:\Users\bramb\curseforge\minecraft\Instances\sience for meth forever test\mods}, reader: mod manifest]
[19:13:48] [main/INFO]: Found mod file "createdeliveryrequired-1.0.2.jar" [locator: {mods folder locator at C:\Users\bramb\curseforge\minecraft\Instances\sience for meth forever test\mods}, reader: mod manifest]
[19:13:48] [main/INFO]: Found mod file "createdieselgenerators-1.21.1-1.3.15.jar" [locator: {mods folder locator at C:\Users\bramb\curseforge\minecraft\Instances\sience for meth forever test\mods}, reader: mod manifest]
[19:13:48] [main/INFO]: Found mod file "createmoreconveyor-neoforge-1.21.1-1.0.1.jar" [locator: {mods folder locator at C:\Users\bramb\curseforge\minecraft\Instances\sience for meth forever test\mods}, reader: mod manifest]
[19:13:48] [main/INFO]: Found mod file "createmorewrenchables-1.0.0.jar" [locator: {mods folder locator at C:\Users\bramb\curseforge\minecraft\Instances\sience for meth forever test\mods}, reader: mod manifest]
[19:13:48] [main/INFO]: Found mod file "CreateNumismatics-1.0.20+neoforge-mc1.21.1.jar" [locator: {mods folder locator at C:\Users\bramb\curseforge\minecraft\Instances\sience for meth forever test\mods}, reader: mod manifest]
[19:13:48] [main/INFO]: Found mod file "CreateRadiologistics-1.1.1.jar" [locator: {mods folder locator at C:\Users\bramb\curseforge\minecraft\Instances\sience for meth forever test\mods}, reader: mod manifest]
[19:13:48] [main/INFO]: Found mod file "createultimine-1.21.1-neoforge-1.3.2.jar" [locator: {mods folder locator at C:\Users\bramb\curseforge\minecraft\Instances\sience for meth forever test\mods}, reader: mod manifest]
[19:13:48] [main/INFO]: Found mod file "CreativeCore_NEOFORGE_v2.13.43_mc1.21.1.jar" [locator: {mods folder locator at C:\Users\bramb\curseforge\minecraft\Instances\sience for meth forever test\mods}, reader: mod manifest]
[19:13:48] [main/INFO]: Found mod file "Cuffed-PORT-1.21.1-1.3.16.jar" [locator: {mods folder locator at C:\Users\bramb\curseforge\minecraft\Instances\sience for meth forever test\mods}, reader: mod manifest]
[19:13:48] [main/INFO]: Found mod file "cupboard-1.21.1-4.0.jar" [locator: {mods folder locator at C:\Users\bramb\curseforge\minecraft\Instances\sience for meth forever test\mods}, reader: mod manifest]
[19:13:48] [main/INFO]: Found mod file "curios-neoforge-9.5.1+1.21.1.jar" [locator: {mods folder locator at C:\Users\bramb\curseforge\minecraft\Instances\sience for meth forever test\mods}, reader: mod manifest]
[19:13:48] [main/INFO]: Found mod file "delightfulcreators-1.2.1.jar" [locator: {mods folder locator at C:\Users\bramb\curseforge\minecraft\Instances\sience for meth forever test\mods}, reader: mod manifest]
[19:13:48] [main/INFO]: Found mod file "deployer-0.1.2.jar" [locator: {mods folder locator at C:\Users\bramb\curseforge\minecraft\Instances\sience for meth forever test\mods}, reader: mod manifest]
[19:13:48] [main/INFO]: Found mod file "DistantHorizons-3.2.0-b-1.21.1-fabric-neoforge.jar" [locator: {mods folder locator at C:\Users\bramb\curseforge\minecraft\Instances\sience for meth forever test\mods}, reader: mod manifest]
[19:13:48] [main/INFO]: Found mod file "DnDesires-1.21.1-2.3a-BETA.jar" [locator: {mods folder locator at C:\Users\bramb\curseforge\minecraft\Instances\sience for meth forever test\mods}, reader: mod manifest]
[19:13:48] [main/INFO]: Found mod file "electroenergetics-1.21.1-1.1.1.jar" [locator: {mods folder locator at C:\Users\bramb\curseforge\minecraft\Instances\sience for meth forever test\mods}, reader: mod manifest]
[19:13:48] [main/INFO]: Found mod file "entity_model_features-3.2.4-1.21-neoforge.jar" [locator: {mods folder locator at C:\Users\bramb\curseforge\minecraft\Instances\sience for meth forever test\mods}, reader: mod manifest]
[19:13:48] [main/INFO]: Found mod file "entity_texture_features_1.21-neoforge-7.1.jar" [locator: {mods folder locator at C:\Users\bramb\curseforge\minecraft\Instances\sience for meth forever test\mods}, reader: mod manifest]
[19:13:48] [main/INFO]: Found mod file "entityculling-neoforge-1.10.5-mc1.21.1.jar" [locator: {mods folder locator at C:\Users\bramb\curseforge\minecraft\Instances\sience for meth forever test\mods}, reader: mod manifest]
[19:13:48] [main/INFO]: Found mod file "escalated-1.3.2-mc.1.21.1.jar" [locator: {mods folder locator at C:\Users\bramb\curseforge\minecraft\Instances\sience for meth forever test\mods}, reader: mod manifest]
[19:13:48] [main/INFO]: Found mod file "ExplorersCompass-1.21.1-3.4.0-neoforge.jar" [locator: {mods folder locator at C:\Users\bramb\curseforge\minecraft\Instances\sience for meth forever test\mods}, reader: mod manifest]
[19:13:48] [main/INFO]: Found mod file "extended-build-limit-1.18-1.21.jar" [locator: {mods folder locator at C:\Users\bramb\curseforge\minecraft\Instances\sience for meth forever test\mods}, reader: mod manifest]
[19:13:48] [main/INFO]: Found mod file "extra_gauges-2.1.2.jar" [locator: {mods folder locator at C:\Users\bramb\curseforge\minecraft\Instances\sience for meth forever test\mods}, reader: mod manifest]
[19:13:48] [main/INFO]: Found mod file "FarmersDelight-1.21.1-1.3.3.jar" [locator: {mods folder locator at C:\Users\bramb\curseforge\minecraft\Instances\sience for meth forever test\mods}, reader: mod manifest]
[19:13:48] [main/INFO]: Found mod file "farmersdelight_extended-1.21.1-0.2.2.jar" [locator: {mods folder locator at C:\Users\bramb\curseforge\minecraft\Instances\sience for meth forever test\mods}, reader: mod manifest]
[19:13:48] [main/INFO]: Found mod file "fastleafdecay-35.jar" [locator: {mods folder locator at C:\Users\bramb\curseforge\minecraft\Instances\sience for meth forever test\mods}, reader: mod manifest]
[19:13:48] [main/INFO]: Found mod file "FastSuite-1.21.1-6.0.7.jar" [locator: {mods folder locator at C:\Users\bramb\curseforge\minecraft\Instances\sience for meth forever test\mods}, reader: mod manifest]
[19:13:48] [main/INFO]: Found mod file "Feature-Recycler-neoforge-2.0.0.jar" [locator: {mods folder locator at C:\Users\bramb\curseforge\minecraft\Instances\sience for meth forever test\mods}, reader: mod manifest]
[19:13:48] [main/INFO]: Found mod file "ferritecore-7.0.3-neoforge.jar" [locator: {mods folder locator at C:\Users\bramb\curseforge\minecraft\Instances\sience for meth forever test\mods}, reader: mod manifest]
[19:13:48] [main/INFO]: Found mod file "forgified-fabric-api-0.116.15+2.3.4+1.21.1.jar" [locator: {mods folder locator at C:\Users\bramb\curseforge\minecraft\Instances\sience for meth forever test\mods}, reader: mod manifest]
[19:13:48] [main/INFO]: Found mod file "ftb-essentials-neoforge-2101.1.10.jar" [locator: {mods folder locator at C:\Users\bramb\curseforge\minecraft\Instances\sience for meth forever test\mods}, reader: mod manifest]
[19:13:48] [main/INFO]: Found mod file "ftb-library-neoforge-2101.1.35.jar" [locator: {mods folder locator at C:\Users\bramb\curseforge\minecraft\Instances\sience for meth forever test\mods}, reader: mod manifest]
[19:13:48] [main/INFO]: Found mod file "ftb-quests-neoforge-2101.1.33.jar" [locator: {mods folder locator at C:\Users\bramb\curseforge\minecraft\Instances\sience for meth forever test\mods}, reader: mod manifest]
[19:13:48] [main/INFO]: Found mod file "ftb-teams-neoforge-2101.1.10.jar" [locator: {mods folder locator at C:\Users\bramb\curseforge\minecraft\Instances\sience for meth forever test\mods}, reader: mod manifest]
[19:13:48] [main/INFO]: Found mod file "ftb-ultimine-neoforge-2101.1.15.jar" [locator: {mods folder locator at C:\Users\bramb\curseforge\minecraft\Instances\sience for meth forever test\mods}, reader: mod manifest]
[19:13:48] [main/INFO]: Found mod file "geckolib-neoforge-1.21.1-4.9.2.jar" [locator: {mods folder locator at C:\Users\bramb\curseforge\minecraft\Instances\sience for meth forever test\mods}, reader: mod manifest]
[19:13:48] [main/INFO]: Found mod file "getittogetherdrops-neoforge-1.21.5-1.4.jar" [locator: {mods folder locator at C:\Users\bramb\curseforge\minecraft\Instances\sience for meth forever test\mods}, reader: mod manifest]
[19:13:48] [main/INFO]: Found mod file "ImmediatelyFast-NeoForge-1.6.12+1.21.1.jar" [locator: {mods folder locator at C:\Users\bramb\curseforge\minecraft\Instances\sience for meth forever test\mods}, reader: mod manifest]
[19:13:48] [main/INFO]: Found mod file "iris-neoforge-1.8.14-beta.1+mc1.21.1.jar" [locator: {mods folder locator at C:\Users\bramb\curseforge\minecraft\Instances\sience for meth forever test\mods}, reader: mod manifest]
[19:13:48] [main/INFO]: Found mod file "Jade-1.21.1-NeoForge-15.10.6.jar" [locator: {mods folder locator at C:\Users\bramb\curseforge\minecraft\Instances\sience for meth forever test\mods}, reader: mod manifest]
[19:13:48] [main/INFO]: Found mod file "jei-1.21.1-neoforge-19.44.0.403.jar" [locator: {mods folder locator at C:\Users\bramb\curseforge\minecraft\Instances\sience for meth forever test\mods}, reader: mod manifest]
[19:13:48] [main/INFO]: Found mod file "JustEnoughResources-NeoForge-1.21.1-1.6.0.17.jar" [locator: {mods folder locator at C:\Users\bramb\curseforge\minecraft\Instances\sience for meth forever test\mods}, reader: mod manifest]
[19:13:48] [main/INFO]: Found mod file "knowlogy-neoforge-0.9.1-1.21.1.jar" [locator: {mods folder locator at C:\Users\bramb\curseforge\minecraft\Instances\sience for meth forever test\mods}, reader: mod manifest]
[19:13:48] [main/INFO]: Found library file "kotlinforforge-5.12.0-all.jar" [locator: {mods folder locator at C:\Users\bramb\curseforge\minecraft\Instances\sience for meth forever test\mods}, reader: mod manifest]
[19:13:48] [main/INFO]: Found mod file "kubejs-neoforge-2101.7.2-build.368.jar" [locator: {mods folder locator at C:\Users\bramb\curseforge\minecraft\Instances\sience for meth forever test\mods}, reader: mod manifest]
[19:13:48] [main/WARN]: Skipping jar. File mods\lavender-0.1.15+1.21.jar is a Fabric mod and cannot be loaded
[19:13:48] [main/INFO]: Found mod file "lazrslib-neoforge-1.21.1-1.2.1.jar" [locator: {mods folder locator at C:\Users\bramb\curseforge\minecraft\Instances\sience for meth forever test\mods}, reader: mod manifest]
[19:13:48] [main/INFO]: Found mod file "ldlib2-neoforge-1.21.1-2.2.36.a-all.jar" [locator: {mods folder locator at C:\Users\bramb\curseforge\minecraft\Instances\sience for meth forever test\mods}, reader: mod manifest]
[19:13:48] [main/INFO]: Found mod file "limitedchunks-1.21-4.1.jar" [locator: {mods folder locator at C:\Users\bramb\curseforge\minecraft\Instances\sience for meth forever test\mods}, reader: mod manifest]
[19:13:48] [main/INFO]: Found mod file "lithium-neoforge-0.15.4+mc1.21.1.jar" [locator: {mods folder locator at C:\Users\bramb\curseforge\minecraft\Instances\sience for meth forever test\mods}, reader: mod manifest]
[19:13:48] [main/INFO]: Found mod file "lithostitched-1.8.0+beta4-neoforge-21.1.jar" [locator: {mods folder locator at C:\Users\bramb\curseforge\minecraft\Instances\sience for meth forever test\mods}, reader: mod manifest]
[19:13:48] [main/INFO]: Found mod file "lootr-neoforge-1.21.1-1.11.38.123.jar" [locator: {mods folder locator at C:\Users\bramb\curseforge\minecraft\Instances\sience for meth forever test\mods}, reader: mod manifest]
[19:13:48] [main/INFO]: Found mod file "Mekanism-1.21.1-10.7.19.85.jar" [locator: {mods folder locator at C:\Users\bramb\curseforge\minecraft\Instances\sience for meth forever test\mods}, reader: mod manifest]
[19:13:48] [main/INFO]: Found mod file "ModernElements-neoforge-1.4.1.jar" [locator: {mods folder locator at C:\Users\bramb\curseforge\minecraft\Instances\sience for meth forever test\mods}, reader: mod manifest]
[19:13:48] [main/INFO]: Found mod file "modernfix-neoforge-5.27.20+mc1.21.1.jar" [locator: {mods folder locator at C:\Users\bramb\curseforge\minecraft\Instances\sience for meth forever test\mods}, reader: mod manifest]
[19:13:48] [main/INFO]: Found mod file "moonlight-1.21.1-3.4.1-neoforge.jar" [locator: {mods folder locator at C:\Users\bramb\curseforge\minecraft\Instances\sience for meth forever test\mods}, reader: mod manifest]
[19:13:49] [main/INFO]: Found mod file "morepropulsion-1.3.0.jar" [locator: {mods folder locator at C:\Users\bramb\curseforge\minecraft\Instances\sience for meth forever test\mods}, reader: mod manifest]
[19:13:49] [main/INFO]: Found mod file "MouseTweaks-neoforge-mc1.21-2.26.1.jar" [locator: {mods folder locator at C:\Users\bramb\curseforge\minecraft\Instances\sience for meth forever test\mods}, reader: mod manifest]
[19:13:49] [main/INFO]: Found mod file "naturalphilosophy-4.0.0.jar" [locator: {mods folder locator at C:\Users\bramb\curseforge\minecraft\Instances\sience for meth forever test\mods}, reader: mod manifest]
[19:13:49] [main/INFO]: Found mod file "noisium-neoforge-2.7.0+mc1.21-1.21.1.jar" [locator: {mods folder locator at C:\Users\bramb\curseforge\minecraft\Instances\sience for meth forever test\mods}, reader: mod manifest]
[19:13:49] [main/INFO]: Found mod file "nowheel-1.0.6+1.21.1neoforge.jar" [locator: {mods folder locator at C:\Users\bramb\curseforge\minecraft\Instances\sience for meth forever test\mods}, reader: mod manifest]
[19:13:49] [main/INFO]: Found mod file "ntgl-1.21.1-3.2.0.jar" [locator: {mods folder locator at C:\Users\bramb\curseforge\minecraft\Instances\sience for meth forever test\mods}, reader: mod manifest]
[19:13:49] [main/INFO]: Found mod file "owo-lib-neoforge-0.12.15.5-beta.1+1.21.jar" [locator: {mods folder locator at C:\Users\bramb\curseforge\minecraft\Instances\sience for meth forever test\mods}, reader: mod manifest]
[19:13:49] [main/INFO]: Found mod file "packetfixer-3.3.1-1.20.5-1.21.X-merged.jar" [locator: {mods folder locator at C:\Users\bramb\curseforge\minecraft\Instances\sience for meth forever test\mods}, reader: mod manifest]
[19:13:49] [main/INFO]: Found mod file "Patchouli-1.21.1-93-NEOFORGE.jar" [locator: {mods folder locator at C:\Users\bramb\curseforge\minecraft\Instances\sience for meth forever test\mods}, reader: mod manifest]
[19:13:49] [main/INFO]: Found mod file "Placebo-1.21.1-9.9.2.jar" [locator: {mods folder locator at C:\Users\bramb\curseforge\minecraft\Instances\sience for meth forever test\mods}, reader: mod manifest]
[19:13:49] [main/INFO]: Found mod file "player-animation-lib-forge-2.0.4+1.21.1.jar" [locator: {mods folder locator at C:\Users\bramb\curseforge\minecraft\Instances\sience for meth forever test\mods}, reader: mod manifest]
[19:13:49] [main/INFO]: Found mod file "polymorph-neoforge-1.1.0+1.21.1.jar" [locator: {mods folder locator at C:\Users\bramb\curseforge\minecraft\Instances\sience for meth forever test\mods}, reader: mod manifest]
[19:13:49] [main/INFO]: Found mod file "ponderjs-neoforge-1.21.1-2.4.0.jar" [locator: {mods folder locator at C:\Users\bramb\curseforge\minecraft\Instances\sience for meth forever test\mods}, reader: mod manifest]
[19:13:49] [main/INFO]: Found mod file "portable_physics_assembler-1.0.0.jar" [locator: {mods folder locator at C:\Users\bramb\curseforge\minecraft\Instances\sience for meth forever test\mods}, reader: mod manifest]
[19:13:49] [main/INFO]: Found mod file "projectvibrantjourneys-1.21.1-7.0.9.jar" [locator: {mods folder locator at C:\Users\bramb\curseforge\minecraft\Instances\sience for meth forever test\mods}, reader: mod manifest]
[19:13:49] [main/INFO]: Found mod file "quantified api-omni-2.2.0.jar" [locator: {mods folder locator at C:\Users\bramb\curseforge\minecraft\Instances\sience for meth forever test\mods}, reader: mod manifest]
[19:13:49] [main/INFO]: Found mod file "rhino-2101.2.7-build.85.jar" [locator: {mods folder locator at C:\Users\bramb\curseforge\minecraft\Instances\sience for meth forever test\mods}, reader: mod manifest]
[19:13:49] [main/INFO]: Found mod file "ritchiesprojectilelib-2.1.2-mc.1.21.1-neoforge.jar" [locator: {mods folder locator at C:\Users\bramb\curseforge\minecraft\Instances\sience for meth forever test\mods}, reader: mod manifest]
[19:13:49] [main/INFO]: Found mod file "sable-neoforge-1.21.1-2.0.5.jar" [locator: {mods folder locator at C:\Users\bramb\curseforge\minecraft\Instances\sience for meth forever test\mods}, reader: mod manifest]
[19:13:49] [main/INFO]: Found mod file "sauce_delight-2.0.2-SNAPSHOT.jar" [locator: {mods folder locator at C:\Users\bramb\curseforge\minecraft\Instances\sience for meth forever test\mods}, reader: mod manifest]
[19:13:49] [main/INFO]: Found mod file "screenshotchat-1.0.0.jar" [locator: {mods folder locator at C:\Users\bramb\curseforge\minecraft\Instances\sience for meth forever test\mods}, reader: mod manifest]
[19:13:49] [main/INFO]: Found mod file "Searchables-neoforge-1.21.1-1.0.2.jar" [locator: {mods folder locator at C:\Users\bramb\curseforge\minecraft\Instances\sience for meth forever test\mods}, reader: mod manifest]
[19:13:49] [main/INFO]: Found mod file "shield_generators-1.4.0.jar" [locator: {mods folder locator at C:\Users\bramb\curseforge\minecraft\Instances\sience for meth forever test\mods}, reader: mod manifest]
[19:13:49] [main/INFO]: Found mod file "simulatedcoasters-0.1.5.jar" [locator: {mods folder locator at C:\Users\bramb\curseforge\minecraft\Instances\sience for meth forever test\mods}, reader: mod manifest]
[19:13:49] [main/INFO]: Found mod file "sliceanddice-4.3.3-neoforge.jar" [locator: {mods folder locator at C:\Users\bramb\curseforge\minecraft\Instances\sience for meth forever test\mods}, reader: mod manifest]
[19:13:49] [main/INFO]: Found mod file "smoothchunk-1.21-4.1.jar" [locator: {mods folder locator at C:\Users\bramb\curseforge\minecraft\Instances\sience for meth forever test\mods}, reader: mod manifest]
[19:13:49] [main/INFO]: Found mod file "sophisticatedbackpacks-1.21.1-3.25.78.2107.jar" [locator: {mods folder locator at C:\Users\bramb\curseforge\minecraft\Instances\sience for meth forever test\mods}, reader: mod manifest]
[19:13:49] [main/INFO]: Found mod file "sophisticatedbackpackscreateintegration-1.21.1-0.1.8.134.jar" [locator: {mods folder locator at C:\Users\bramb\curseforge\minecraft\Instances\sience for meth forever test\mods}, reader: mod manifest]
[19:13:49] [main/INFO]: Found mod file "sophisticatedcore-1.21.1-1.4.89.2291.jar" [locator: {mods folder locator at C:\Users\bramb\curseforge\minecraft\Instances\sience for meth forever test\mods}, reader: mod manifest]
[19:13:49] [main/INFO]: Found mod file "sophisticatedstorage-1.21.1-1.5.91.2127.jar" [locator: {mods folder locator at C:\Users\bramb\curseforge\minecraft\Instances\sience for meth forever test\mods}, reader: mod manifest]
[19:13:49] [main/INFO]: Found mod file "sophisticatedstoragecreateintegration-1.21.1-0.1.21.209.jar" [locator: {mods folder locator at C:\Users\bramb\curseforge\minecraft\Instances\sience for meth forever test\mods}, reader: mod manifest]
[19:13:49] [main/INFO]: Found mod file "sound-physics-remastered-neoforge-1.21.1-1.5.1.jar" [locator: {mods folder locator at C:\Users\bramb\curseforge\minecraft\Instances\sience for meth forever test\mods}, reader: mod manifest]
[19:13:49] [main/INFO]: Found mod file "spark-1.10.124-neoforge.jar" [locator: {mods folder locator at C:\Users\bramb\curseforge\minecraft\Instances\sience for meth forever test\mods}, reader: mod manifest]
[19:13:49] [main/INFO]: Found mod file "st_cdc-1.21.1-1.1.jar" [locator: {mods folder locator at C:\Users\bramb\curseforge\minecraft\Instances\sience for meth forever test\mods}, reader: mod manifest]
[19:13:49] [main/INFO]: Found mod file "structureessentials-1.21.1-5.0.jar" [locator: {mods folder locator at C:\Users\bramb\curseforge\minecraft\Instances\sience for meth forever test\mods}, reader: mod manifest]
[19:13:49] [main/INFO]: Found mod file "tectonic-3.0.26-neoforge-21.1.jar" [locator: {mods folder locator at C:\Users\bramb\curseforge\minecraft\Instances\sience for meth forever test\mods}, reader: mod manifest]
[19:13:49] [main/INFO]: Found mod file "tfmg-1.2.0.jar" [locator: {mods folder locator at C:\Users\bramb\curseforge\minecraft\Instances\sience for meth forever test\mods}, reader: mod manifest]
[19:13:49] [main/INFO]: Found mod file "tracks-neoforge-1.21.1-1.0.1.jar" [locator: {mods folder locator at C:\Users\bramb\curseforge\minecraft\Instances\sience for meth forever test\mods}, reader: mod manifest]
[19:13:49] [main/INFO]: Found mod file "traderoller-1.0.0.jar" [locator: {mods folder locator at C:\Users\bramb\curseforge\minecraft\Instances\sience for meth forever test\mods}, reader: mod manifest]
[19:13:49] [main/INFO]: Found mod file "trainutilities-neoforge-3.1.0.jar" [locator: {mods folder locator at C:\Users\bramb\curseforge\minecraft\Instances\sience for meth forever test\mods}, reader: mod manifest]
[19:13:49] [main/INFO]: Found mod file "ulticreatecompatability-1.0.0.jar" [locator: {mods folder locator at C:\Users\bramb\curseforge\minecraft\Instances\sience for meth forever test\mods}, reader: mod manifest]
[19:13:49] [main/INFO]: Found mod file "underground_village-neoforge-1.21.1-2.0.jar" [locator: {mods folder locator at C:\Users\bramb\curseforge\minecraft\Instances\sience for meth forever test\mods}, reader: mod manifest]
[19:13:49] [main/INFO]: Found mod file "veil-neoforge-1.21.1-4.4.1.jar" [locator: {mods folder locator at C:\Users\bramb\curseforge\minecraft\Instances\sience for meth forever test\mods}, reader: mod manifest]
[19:13:49] [main/INFO]: Found mod file "vestalihy-2.5.3.jar" [locator: {mods folder locator at C:\Users\bramb\curseforge\minecraft\Instances\sience for meth forever test\mods}, reader: mod manifest]
[19:13:49] [main/INFO]: Found mod file "visual_recipe_edit_create-1.1.0-neoforge-1.21.1.jar" [locator: {mods folder locator at C:\Users\bramb\curseforge\minecraft\Instances\sience for meth forever test\mods}, reader: mod manifest]
[19:13:49] [main/INFO]: Found mod file "visual_recipe_edit_world-1.0.2-neoforge-1.21.1.jar" [locator: {mods folder locator at C:\Users\bramb\curseforge\minecraft\Instances\sience for meth forever test\mods}, reader: mod manifest]
[19:13:49] [main/INFO]: Found mod file "waterframes-NEOFORGE-mc1.21.1-v2.1.23.jar" [locator: {mods folder locator at C:\Users\bramb\curseforge\minecraft\Instances\sience for meth forever test\mods}, reader: mod manifest]
[19:13:49] [main/INFO]: Found mod file "watermedia-2.1.37.jar" [locator: {mods folder locator at C:\Users\bramb\curseforge\minecraft\Instances\sience for meth forever test\mods}, reader: mod manifest]
[19:13:49] [main/INFO]: Found mod file "watermedia_youtube_plugin-2.1.2.jar" [locator: {mods folder locator at C:\Users\bramb\curseforge\minecraft\Instances\sience for meth forever test\mods}, reader: mod manifest]
[19:13:49] [main/INFO]: Found mod file "watervision-NF-mc1.21.1-v0.1.0-alpha.jar" [locator: {mods folder locator at C:\Users\bramb\curseforge\minecraft\Instances\sience for meth forever test\mods}, reader: mod manifest]
[19:13:49] [main/INFO]: Found mod file "waystones-neoforge-1.21.1-21.1.41.jar" [locator: {mods folder locator at C:\Users\bramb\curseforge\minecraft\Instances\sience for meth forever test\mods}, reader: mod manifest]
[19:13:49] [main/INFO]: Found mod file "worldedit-mod-7.3.8.jar" [locator: {mods folder locator at C:\Users\bramb\curseforge\minecraft\Instances\sience for meth forever test\mods}, reader: mod manifest]
[19:13:49] [main/INFO]: Found mod file "xaerominimap-neoforge-1.21.1-26.4.2.jar" [locator: {mods folder locator at C:\Users\bramb\curseforge\minecraft\Instances\sience for meth forever test\mods}, reader: mod manifest]
[19:13:49] [main/INFO]: Found mod file "xaerotrainmap-1.0.0.jar" [locator: {mods folder locator at C:\Users\bramb\curseforge\minecraft\Instances\sience for meth forever test\mods}, reader: mod manifest]
[19:13:49] [main/INFO]: Found mod file "xaeroworldmap-neoforge-1.21.1-1.44.2.jar" [locator: {mods folder locator at C:\Users\bramb\curseforge\minecraft\Instances\sience for meth forever test\mods}, reader: mod manifest]
[19:13:49] [main/INFO]: Found mod file "ycurrenci-2.1.0-neoforge-1.21.1.jar" [locator: {mods folder locator at C:\Users\bramb\curseforge\minecraft\Instances\sience for meth forever test\mods}, reader: mod manifest]
[19:13:49] [main/INFO]: Found mod file "crash_assistant-neoforge.jar" [parent: , locator: jarinjar, reader: mod manifest]
[19:13:50] [main/WARN]: Attempted to select a dependency jar for JarJar which was passed in as source: fabric_renderer_api_v1. Using Mod File: 
[19:13:50] [main/WARN]: Attempted to select a dependency jar for JarJar which was passed in as source: fabric_block_view_api_v2. Using Mod File: 
[19:13:50] [main/WARN]: Attempted to select a dependency jar for JarJar which was passed in as source: veil. Using Mod File: C:\Users\bramb\curseforge\minecraft\Instances\sience for meth forever test\mods\veil-neoforge-1.21.1-4.4.1.jar
[19:13:50] [main/WARN]: Attempted to select a dependency jar for JarJar which was passed in as source: library:net.fabricmc.loader. Using Mod File: \~nonexistent
[19:13:50] [main/WARN]: Attempted to select a dependency jar for JarJar which was passed in as source: architectury. Using Mod File: C:\Users\bramb\curseforge\minecraft\Instances\sience for meth forever test\mods\architectury-13.0.11-neoforge.jar
[19:13:50] [main/WARN]: Attempted to select a dependency jar for JarJar which was passed in as source: fabric_rendering_data_attachment_v1. Using Mod File: 
[19:13:50] [main/WARN]: Attempted to select a dependency jar for JarJar which was passed in as source: fabric_api_base. Using Mod File: 
[19:13:50] [main/INFO]: Found 91 dependencies adding them to mods collection
[19:13:50] [main/INFO]: Found mod file "atmosphere-1.21.1-neoforge-1.0.17.jar" [parent: sliceanddice-4.3.3-neoforge.jar, locator: jarinjar, reader: mod manifest]
[19:13:50] [main/INFO]: Found mod file "kuma-api-neoforge-21.0.8+1.21.jar" [parent: balm-neoforge-1.21.1-21.0.65.jar, locator: jarinjar, reader: mod manifest]
[19:13:50] [main/INFO]: Found mod file "codecui-neoforge-1.21.1-1.3.6.jar" [parent: moonlight-1.21.1-3.4.1-neoforge.jar, locator: jarinjar, reader: mod manifest]
[19:13:50] [main/INFO]: Found library file "glsl-processor-0.2.3.jar" [parent: veil-neoforge-1.21.1-4.3.2.jar, locator: jarinjar]
[19:13:50] [main/INFO]: Found mod file "ponder-neoforge-1.0.82+mc1.21.1.jar" [parent: create-1.21.1-6.0.10.jar, locator: jarinjar, reader: mod manifest]
[19:13:50] [main/INFO]: Found mod file "fabric-item-api-v1-11.3.0+766f218719.jar" [parent: forgified-fabric-api-0.116.15+2.3.4+1.21.1.jar, locator: jarinjar, reader: mod manifest]
[19:13:50] [main/INFO]: Found mod file "fabric-rendering-fluids-v1-3.1.6+ddc51b4719.jar" [parent: forgified-fabric-api-0.116.15+2.3.4+1.21.1.jar, locator: jarinjar, reader: mod manifest]
[19:13:50] [main/INFO]: Found mod file "apollib-1.2.0-neoforge-21.1.jar" [parent: lithostitched-1.8.0+beta4-neoforge-21.1.jar, locator: jarinjar, reader: mod manifest]
[19:13:50] [main/INFO]: Found library file "netty-0.1.4.1.jar" [parent: owo-lib-neoforge-0.12.15.5-beta.1+1.21.jar, locator: jarinjar]
[19:13:50] [main/INFO]: Found mod file "fabric-convention-tags-v1-2.1.7+7f945d5b19.jar" [parent: forgified-fabric-api-0.116.15+2.3.4+1.21.1.jar, locator: jarinjar, reader: mod manifest]
[19:13:50] [main/INFO]: Found library file "kotlinx-coroutines-core-jvm-1.11.0.jar" [parent: kotlinforforge-5.12.0-all.jar, locator: jarinjar]
[19:13:50] [main/INFO]: Found library file "endec-0.1.8.1.jar" [parent: owo-lib-neoforge-0.12.15.5-beta.1+1.21.jar, locator: jarinjar]
[19:13:50] [main/INFO]: Found mod file "fabric-command-api-v2-2.2.28+36d727be19.jar" [parent: forgified-fabric-api-0.116.15+2.3.4+1.21.1.jar, locator: jarinjar, reader: mod manifest]
[19:13:50] [main/INFO]: Found mod file "fabric-convention-tags-v2-2.12.0+75d3639619.jar" [parent: forgified-fabric-api-0.116.15+2.3.4+1.21.1.jar, locator: jarinjar, reader: mod manifest]
[19:13:50] [main/INFO]: Found mod file "fabric-data-attachment-api-v1-1.4.7+26d408aa19.jar" [parent: forgified-fabric-api-0.116.15+2.3.4+1.21.1.jar, locator: jarinjar, reader: mod manifest]
[19:13:50] [main/INFO]: Found mod file "dev.simulated_team.simulated.simulated-neoforge-1.21.1-1.3.1.jar" [parent: create-aeronautics-bundled-1.21.1-1.3.1.jar, locator: jarinjar, reader: mod manifest]
[19:13:50] [main/INFO]: Found library file "kotlin-stdlib-jdk7-2.4.0.jar" [parent: kotlinforforge-5.12.0-all.jar, locator: jarinjar]
[19:13:50] [main/INFO]: Found library file "kotlin-stdlib-jdk8-2.4.0.jar" [parent: kotlinforforge-5.12.0-all.jar, locator: jarinjar]
[19:13:50] [main/INFO]: Found mod file "fabric-screen-api-v1-2.0.26+9991ca2f19.jar" [parent: forgified-fabric-api-0.116.15+2.3.4+1.21.1.jar, locator: jarinjar, reader: mod manifest]
[19:13:50] [main/INFO]: Found library file "kotlinx-serialization-json-jvm-1.11.0.jar" [parent: kotlinforforge-5.12.0-all.jar, locator: jarinjar]
[19:13:50] [main/INFO]: Found mod file "fabric-content-registries-v0-8.0.19+5e0d320019.jar" [parent: forgified-fabric-api-0.116.15+2.3.4+1.21.1.jar, locator: jarinjar, reader: mod manifest]
[19:13:50] [main/INFO]: Found library file "exp4j-0.4.8.jar" [parent: extra_gauges-2.1.2.jar, locator: jarinjar]
[19:13:50] [main/INFO]: Found gamelibrary file "mixinextras-neoforge-0.5.3.jar" [parent: neoforge-21.1.248-universal.jar, locator: jarinjar, reader: mod manifest]
[19:13:50] [main/INFO]: Found mod file "fabric-game-rule-api-v1-1.0.53+36d727be19.jar" [parent: forgified-fabric-api-0.116.15+2.3.4+1.21.1.jar, locator: jarinjar, reader: mod manifest]
[19:13:50] [main/INFO]: Found mod file "fabric-api-lookup-api-v1-1.6.72+6244b11119.jar" [parent: forgified-fabric-api-0.116.15+2.3.4+1.21.1.jar, locator: jarinjar, reader: mod manifest]
[19:13:50] [main/INFO]: Found gamelibrary file "dev.ryanhcode.sable.sable-sable_rapier-1.21.1-2.0.5.jar" [parent: sable-neoforge-1.21.1-2.0.5.jar, locator: jarinjar, reader: mod manifest]
[19:13:50] [main/INFO]: Found library file "jcpp-1.4.14.jar" [parent: iris-neoforge-1.8.14-beta.1+mc1.21.1.jar, locator: jarinjar]
[19:13:50] [main/INFO]: Found library file "kotlin-stdlib-2.4.20-RC.jar" [parent: ldlib2-neoforge-1.21.1-2.2.36.a-all.jar, locator: jarinjar]
[19:13:50] [main/INFO]: Found library file "taffy-1.1.4.jar" [parent: ldlib2-neoforge-1.21.1-2.2.36.a-all.jar, locator: jarinjar]
[19:13:50] [main/INFO]: Found mod file "fabric-entity-events-v1-1.8.0+e46a02ca19.jar" [parent: forgified-fabric-api-0.116.15+2.3.4+1.21.1.jar, locator: jarinjar, reader: mod manifest]
[19:13:50] [main/INFO]: Found mod file "fabric-loot-api-v2-3.0.15+a3ee712d19.jar" [parent: forgified-fabric-api-0.116.15+2.3.4+1.21.1.jar, locator: jarinjar, reader: mod manifest]
[19:13:50] [main/INFO]: Found mod file "fabric-loot-api-v3-1.0.3+333dfad919.jar" [parent: forgified-fabric-api-0.116.15+2.3.4+1.21.1.jar, locator: jarinjar, reader: mod manifest]
[19:13:50] [main/INFO]: Found mod file "TRansition-1.0.21-1.21.1-neoforge-SNAPSHOT.jar" [parent: entityculling-neoforge-1.10.5-mc1.21.1.jar, locator: jarinjar, reader: mod manifest]
[19:13:50] [main/INFO]: Found mod file "flightlib-1.21.1-neoforge-4.0.36.jar" [parent: create_jetpack-forge-5.2.1.jar, locator: jarinjar, reader: mod manifest]
[19:13:50] [main/INFO]: Found mod file "fabric-networking-api-v1-4.3.1+7e3d421f19.jar" [parent: forgified-fabric-api-0.116.15+2.3.4+1.21.1.jar, locator: jarinjar, reader: mod manifest]
[19:13:50] [main/INFO]: Found library file "kotlinx-serialization-core-jvm-1.11.0.jar" [parent: kotlinforforge-5.12.0-all.jar, locator: jarinjar]
[19:13:50] [main/INFO]: Found gamelibrary file "Registrate-MC1.21-1.3.0+67.jar" [parent: create-1.21.1-6.0.10.jar, locator: jarinjar, reader: mod manifest]
[19:13:50] [main/INFO]: Found mod file "fabric-lifecycle-events-v1-2.6.0+e40d8add19.jar" [parent: forgified-fabric-api-0.116.15+2.3.4+1.21.1.jar, locator: jarinjar, reader: mod manifest]
[19:13:50] [main/INFO]: Found mod file "fabric-key-binding-api-v1-1.0.47+62cc7ce119.jar" [parent: forgified-fabric-api-0.116.15+2.3.4+1.21.1.jar, locator: jarinjar, reader: mod manifest]
[19:13:50] [main/INFO]: Found mod file "fabric-client-tags-api-v1-1.2.0+5adff2d719.jar" [parent: forgified-fabric-api-0.116.15+2.3.4+1.21.1.jar, locator: jarinjar, reader: mod manifest]
[19:13:50] [main/INFO]: Found mod file "esl-neoforge-1.21.1-1.0.3+neoforge-mc1.21.1.jar" [parent: create-new-age-1.2.0+neoforge-mc1.21.1.jar, locator: jarinjar, reader: mod manifest]
[19:13:50] [main/INFO]: Found mod file "fabric-transfer-api-v1-5.4.4+6244b11119.jar" [parent: forgified-fabric-api-0.116.15+2.3.4+1.21.1.jar, locator: jarinjar, reader: mod manifest]
[19:13:50] [main/INFO]: Found mod file "compat_manager-1.21.1-1.0.7.jar" [parent: deployer-0.1.2.jar, locator: jarinjar, reader: mod manifest]
[19:13:50] [main/INFO]: Found library file "jankson-0.1.5.1.jar" [parent: owo-lib-neoforge-0.12.15.5-beta.1+1.21.jar, locator: jarinjar]
[19:13:50] [main/INFO]: Found mod file "fabric-model-loading-api-v1-2.1.0+6e8f52c719.jar" [parent: forgified-fabric-api-0.116.15+2.3.4+1.21.1.jar, locator: jarinjar, reader: mod manifest]
[19:13:50] [main/INFO]: Found library file "json5-java-3.0.0.jar" [parent: apollib-1.1.5-neoforge-21.1.jar, locator: jarinjar]
[19:13:50] [main/INFO]: Found library file "net.neoforged.neoforge-coremods-21.1.248.jar" [parent: neoforge-21.1.248-universal.jar, locator: jarinjar, reader: mod manifest]
[19:13:50] [main/INFO]: Found mod file "dev.eriksonn.aeronautics.aeronautics-neoforge-1.21.1-1.3.1.jar" [parent: create-aeronautics-bundled-1.21.1-1.3.1.jar, locator: jarinjar, reader: mod manifest]
[19:13:50] [main/INFO]: Found mod file "xaerolib-neoforge-1.21.1-1.7.1.jar" [parent: xaerominimap-neoforge-1.21.1-26.4.2.jar, locator: jarinjar, reader: mod manifest]
[19:13:50] [main/INFO]: Found mod file "fabric-screen-handler-api-v1-1.3.91+8dbc56dd19.jar" [parent: forgified-fabric-api-0.116.15+2.3.4+1.21.1.jar, locator: jarinjar, reader: mod manifest]
[19:13:50] [main/INFO]: Found mod file "fabric-resource-loader-v0-1.3.1+4ea8954419.jar" [parent: forgified-fabric-api-0.116.15+2.3.4+1.21.1.jar, locator: jarinjar, reader: mod manifest]
[19:13:50] [main/INFO]: Found mod file "TRender-1.0.15-1.21.1-neoforge-SNAPSHOT.jar" [parent: entityculling-neoforge-1.10.5-mc1.21.1.jar, locator: jarinjar, reader: mod manifest]
[19:13:50] [main/INFO]: Found mod file "fabric-rendering-v1-5.1.0+1a09bd5a19.jar" [parent: forgified-fabric-api-0.116.15+2.3.4+1.21.1.jar, locator: jarinjar, reader: mod manifest]
[19:13:50] [main/INFO]: Found mod file "fabric-renderer-indigo-1.7.1+9125b6dc19.jar" [parent: forgified-fabric-api-0.116.15+2.3.4+1.21.1.jar, locator: jarinjar, reader: mod manifest]
[19:13:50] [main/INFO]: Found library file "kotlinx-coroutines-jdk8-1.11.0.jar" [parent: kotlinforforge-5.12.0-all.jar, locator: jarinjar]
[19:13:50] [main/INFO]: Found library file "molang-compiler-3.1.1.19.jar" [parent: veil-neoforge-1.21.1-4.3.2.jar, locator: jarinjar]
[19:13:50] [main/INFO]: Found library file "Reflect-1.6.2.jar" [parent: ImmediatelyFast-NeoForge-1.6.12+1.21.1.jar, locator: jarinjar]
[19:13:50] [main/INFO]: Found mod file "fabric-particles-v1-4.0.2+824f924c19.jar" [parent: forgified-fabric-api-0.116.15+2.3.4+1.21.1.jar, locator: jarinjar, reader: mod manifest]
[19:13:50] [main/INFO]: Found library file "animated-gif-lib-for-java-animated-gif-lib-1.7.jar" [parent: kubejs-neoforge-2101.7.2-build.368.jar, locator: jarinjar]
[19:13:50] [main/INFO]: Found mod file "fabric-transitive-access-wideners-v1-6.2.0+6c854b6f19.jar" [parent: forgified-fabric-api-0.116.15+2.3.4+1.21.1.jar, locator: jarinjar, reader: mod manifest]
[19:13:50] [main/INFO]: Found mod file "dev.ryanhcode.offroad.offroad-neoforge-1.21.1-1.3.1.jar" [parent: create-aeronautics-bundled-1.21.1-1.3.1.jar, locator: jarinjar, reader: mod manifest]
[19:13:50] [main/INFO]: Found library file "jankson-1.2.2.jar" [parent: owo-lib-neoforge-0.12.15.5-beta.1+1.21.jar, locator: jarinjar]
[19:13:50] [main/INFO]: Found mod file "dragonlib-neoforge-1.21.1-beta-3.0.23.jar" [parent: trainutilities-neoforge-3.1.0.jar, locator: jarinjar, reader: mod manifest]
[19:13:50] [main/INFO]: Found library file "gson-0.1.5.1.jar" [parent: owo-lib-neoforge-0.12.15.5-beta.1+1.21.jar, locator: jarinjar]
[19:13:50] [main/INFO]: Found mod file "fabric-renderer-registries-v1-3.2.69+df3654b319.jar" [parent: forgified-fabric-api-0.116.15+2.3.4+1.21.1.jar, locator: jarinjar, reader: mod manifest]
[19:13:50] [main/INFO]: Found mod file "fabric-blockrenderlayer-v1-1.1.52+c290471319.jar" [parent: forgified-fabric-api-0.116.15+2.3.4+1.21.1.jar, locator: jarinjar, reader: mod manifest]
[19:13:50] [main/INFO]: Found library file "thedarkcolour.kfflang-5.12.0.jar" [parent: kotlinforforge-5.12.0-all.jar, locator: jarinjar, reader: mod manifest]
[19:13:50] [main/INFO]: Found mod file "fabric-block-api-v1-1.1.0+b0c22bb819.jar" [parent: forgified-fabric-api-0.116.15+2.3.4+1.21.1.jar, locator: jarinjar, reader: mod manifest]
[19:13:50] [main/INFO]: Found mod file "spectrelib-neoforge-0.17.2+1.21.jar" [parent: comforts-neoforge-9.0.5+1.21.1.jar, locator: jarinjar, reader: mod manifest]
[19:13:50] [main/INFO]: Found gamelibrary file "thedarkcolour.kfflib-5.12.0.jar" [parent: kotlinforforge-5.12.0-all.jar, locator: jarinjar, reader: mod manifest]
[19:13:50] [main/INFO]: Found mod file "fabric-resource-conditions-api-v1-4.3.0+5bdd099819.jar" [parent: forgified-fabric-api-0.116.15+2.3.4+1.21.1.jar, locator: jarinjar, reader: mod manifest]
[19:13:50] [main/INFO]: Found mod file "forgeconfigapiport-neoforge-21.1.1.jar" [parent: dragonlib-neoforge-1.21.1-beta-3.0.23.jar, locator: jarinjar, reader: mod manifest]
[19:13:50] [main/INFO]: Found library file "glsl-transformer-3.0.0-pre3.jar" [parent: iris-neoforge-1.8.14-beta.1+mc1.21.1.jar, locator: jarinjar]
[19:13:50] [main/INFO]: Found mod file "thedarkcolour.kffmod-5.12.0.jar" [parent: kotlinforforge-5.12.0-all.jar, locator: jarinjar, reader: mod manifest]
[19:13:50] [main/INFO]: Found library file "kotlin-reflect-2.4.0.jar" [parent: kotlinforforge-5.12.0-all.jar, locator: jarinjar]
[19:13:50] [main/INFO]: Found mod file "flywheel-neoforge-1.21.1-1.0.6.jar" [parent: create-1.21.1-6.0.10.jar, locator: jarinjar, reader: mod manifest]
[19:13:50] [main/INFO]: Found mod file "sable-companion-common-1.21.1-1.6.0.jar" [parent: electroenergetics-1.21.1-1.1.1.jar, locator: jarinjar, reader: mod manifest]
[19:13:50] [main/INFO]: Found mod file "fabric-item-group-api-v1-4.1.7+e324903319.jar" [parent: forgified-fabric-api-0.116.15+2.3.4+1.21.1.jar, locator: jarinjar, reader: mod manifest]
[19:13:50] [main/INFO]: Found library file "yoga-1.0.0.jar" [parent: ldlib2-neoforge-1.21.1-2.2.36.a-all.jar, locator: jarinjar]
[19:13:50] [main/INFO]: Found mod file "fabric-gametest-api-v1-2.0.5+29f188ce19.jar" [parent: forgified-fabric-api-0.116.15+2.3.4+1.21.1.jar, locator: jarinjar, reader: mod manifest]
[19:13:50] [main/INFO]: Found mod file "fabric-biome-api-v1-13.0.31+1e62d33c19.jar" [parent: forgified-fabric-api-0.116.15+2.3.4+1.21.1.jar, locator: jarinjar, reader: mod manifest]
[19:13:50] [main/INFO]: Found mod file "fabric-registry-sync-v0-5.3.2+f9aace1619.jar" [parent: forgified-fabric-api-0.116.15+2.3.4+1.21.1.jar, locator: jarinjar, reader: mod manifest]
[19:13:50] [main/INFO]: Found mod file "better-advanced-tooltips-2101.1.0-build.1.jar" [parent: kubejs-neoforge-2101.7.2-build.368.jar, locator: jarinjar, reader: mod manifest]
[19:13:50] [main/INFO]: Found mod file "fabric-recipe-api-v1-5.0.16+59440bcc19.jar" [parent: forgified-fabric-api-0.116.15+2.3.4+1.21.1.jar, locator: jarinjar, reader: mod manifest]
[19:13:50] [main/INFO]: Found mod file "fabric-object-builder-api-v1-15.2.1+cc242efd19.jar" [parent: forgified-fabric-api-0.116.15+2.3.4+1.21.1.jar, locator: jarinjar, reader: mod manifest]
[19:13:50] [main/INFO]: Found mod file "fabric-sound-api-v1-1.0.23+10b84f8419.jar" [parent: forgified-fabric-api-0.116.15+2.3.4+1.21.1.jar, locator: jarinjar, reader: mod manifest]
[19:13:50] [main/INFO]: Found mod file "fabric-message-api-v1-6.0.14+6a754fce19.jar" [parent: forgified-fabric-api-0.116.15+2.3.4+1.21.1.jar, locator: jarinjar, reader: mod manifest]
[19:13:50] [main/INFO]: Found library file "tiny-java-server-1.0.0-build.33.jar" [parent: kubejs-neoforge-2101.7.2-build.368.jar, locator: jarinjar]
[19:13:50] [main/INFO]: Found mod file "fabric-tag-api-v1-1.3.0+3e2bcb4b19.jar" [parent: forgified-fabric-api-0.116.15+2.3.4+1.21.1.jar, locator: jarinjar, reader: mod manifest]
[19:13:50] [main/INFO]: Found mod file "fabric-data-generation-api-v1-20.3.0+3e2bcb4b19.jar" [parent: forgified-fabric-api-0.116.15+2.3.4+1.21.1.jar, locator: jarinjar, reader: mod manifest]
[19:13:50] [main/INFO]: Found mod file "fabric-events-interaction-v0-0.7.14+057f5afd19.jar" [parent: forgified-fabric-api-0.116.15+2.3.4+1.21.1.jar, locator: jarinjar, reader: mod manifest]
[19:13:50] [main/INFO]: Fabric mod metadata not found in jar kotlinforforge.all, ignoring
[19:13:50] [main/INFO]: Dependency resolution found 4 candidates to load
[19:13:51] [main/INFO]: Found mod file "lavender-0.1.15+1.21$core-0.1.2+1.21_mapped_moj_1.21.1.jar" [locator: org.sinytra.connector.locator.ConnectorLocator@39bbd9e0]
[19:13:51] [main/INFO]: Found mod file "lavender-0.1.15+1.21$owo-ui-0.1.2+1.21_mapped_moj_1.21.1.jar" [locator: org.sinytra.connector.locator.ConnectorLocator@39bbd9e0]
[19:13:51] [main/INFO]: Found mod file "continuity-3.0.0+1.21.neoforge_mapped_moj_1.21.1.jar" [locator: org.sinytra.connector.locator.ConnectorLocator@39bbd9e0]
[19:13:51] [main/INFO]: Found mod file "lavender-0.1.15+1.21_mapped_moj_1.21.1.jar" [locator: org.sinytra.connector.locator.ConnectorLocator@39bbd9e0]
[19:13:51] [main/INFO]: Found 2 dependencies adding them to mods collection
[19:13:51] [main/INFO]: Found mod file "org.sinytra.connector-2.0.0-beta.17+1.21.1-mod.jar" [parent: , locator: org.sinytra.connector.locator.ConnectorLocator@39bbd9e0, reader: mod manifest]
[19:13:51] [main/INFO]: Found gamelibrary file "runtime-1.0.0+1.21.1.jar" [parent: , locator: org.sinytra.connector.locator.ConnectorLocator@39bbd9e0, reader: mod manifest]
[19:13:51] [main/INFO]: 
     Mod List:
		Name Version (Mod Id)

		Acedium Sodiumized 0.4.1+mc1.21.1 (acedium)
		aero_copycats 1.1.0 (aerocopycats)
		Alchemancy 2.1.3 (alchemancy)
		Alex Mobs: Tweaks 1.3.0 (amt)
		Alex's Caves 2.0.10 (alexscaves)
		Alex's Mobs Continued 2.1.4 (alexsmobs)
		Alexs Delight 1.6 (alexsdelight)
		Amendments 1.21-2.1.7 (amendments)
		Apollib 1.2.0 (apollib)
		AppleSkin 3.0.9+mc1.21 (appleskin)
		Architectury 13.0.11 (architectury)
		Atmosphere 1.0.17 (atmosphere)
		atomic 0.8.0 (atomicreate)
		BadOptimizations 2.4.1 (badoptimizations)
		Balm 21.0.65 (balm)
		Better Advanced Tooltips 2101.1.0-build.1 (betteradvancedtooltips)
		Better Biome Reblend 1.5.2 (betterbiomereblend)
		better create 1.0.0 (better_create)
		Better lib 1.0.111 (better_lib)
		Blocks You Need 1.11.4 (blocksyouneed_luna)
		Carry On 2.2.6 (carryon)
		CBC Advanced Technology 0.1.4c-1.21.1 (cbc_at)
		CBC Optics 0.2.2 (cbcoptics)
		chunksending mod 3.7 (chunksending)
		Chunky 1.4.23 (chunky)
		Citadel 2.7.6 (citadel)
		Cloth Config v15 API 15.0.140 (cloth_config)
		Clumps 19.0.0.1 (clumps)
		Coasters Simulated: Track Styles 1.1.0 (coasterssimulatedextratypes)
		CodecUI 1.21.1-1.3.6 (codecui)
		CodxLib 1.5.0 (codxlib)
		Colorwheel 1.2.9+mc1.21.1 (colorwheel)
		Colorwheel Patcher 1.0.5+mc1.21.1 (colorwheel_patcher)
		Comforts 9.0.5+1.21.1 (comforts)
		Compat Manager 1.0.7 (compat_manager)
		Configured 2.6.3 (configured)
		Continuity 3.0.0_1.21.neoforge (continuity)
		Controlling 19.0.5 (controlling)
		CoroUtil 1.21.0-1.3.9 (coroutil)
		Crash Assistant 1.11.12 (crash_assistant)
		Create 6.0.10 (create)
		Create Aeronautics 1.3.1 (aeronautics_bundled)
		Create Aeronautics 1.3.1 (aeronautics)
		Create Aeronautics: Copycat Wing 1.0.2 (copycat_wing)
		Create Aeronautics: Delivery Required 1.0.2 (createdeliveryrequired)
		Create Aeronautics: Toolgun 0.3.5 (create_aeronautics_toolgun)
		Create Aeronautics: Transmission & Linkage 0.2.5 (aeronautics_utility_objects)
		Create Big Cannons 5.11.7 (createbigcannons)
		Create Break 1.0.0 (create_break)
		Create Crafts & Additions 1.6.0 (createaddition)
		Create Diesel Generators 1.21.1-1.3.15 (createdieselgenerators)
		Create Dough Compat (CDC) 1.1 (createdoughcompat)
		Create Electro Energetics 1.21.1-1.1.1 (electroenergetics)
		Create Jetpack 5.2.1 (create_jetpack)
		Create More Chocolate 3.6.0-1.21.1 (create_chocolate)
		Create More Conveyor 1.0.1 (createmoreconveyor)
		Create More Seats 1.2.0 (cms)
		Create Offroad 1.3.1 (offroad)
		Create Oh The Biomes We ve Gone Compat 0.0NONE (create_sophback_compat)
		Create Simulated 1.3.1 (simulated)
		Create Slice & Dice 4.3.3 (sliceanddice)
		Create Tracks 1.0.1 (tracks)
		Create Train Parts 0.5.2 (create_train_parts)
		Create Train Utilities 3.1.0 (trainutilities)
		Create Ultimine 1.3.2 (createultimine)
		Create: Alchemy 1.4.0 (createalchemy)
		Create: Bitterballen 1.0.2C (create_bic_bit)
		Create: Blocks & Bogies 1.0.7 (create_bb)
		Create: Break It All 2.0.0 (cr_bia)
		Create: Broken Bad ReBroken 1.1.3 (createbb)
		Create: Chemistry Community Edition 1.2.0 (createchemistry)
		Create: Coasters Extras 2.1.0 (coasters_extras)
		Create: Coasters Simulated 0.1.5 (simulatedcoasters)
		Create: Colored Chain Conveyor 1.0.2 (create_colored_chain_conveyor)
		Create: Connected 1.3.2-mc1.21.1 (create_connected)
		Create: Copycats+ 3.0.4+mc.1.21.1-neoforge (copycats)
		Create: Dreams n' Desires 2.3a-BETA (dndesires)
		Create: Enhanced Schematicannon 1.0.4 (create_enhanced_schematicannon)
		Create: Escalated 1.3.2 (escalated)
		Create: Expanded Logistics 1.2.1 (cel)
		Create: Extra Casing 4.0.4 (create_extra_casing)
		Create: Extra Gauges 2.1.2 (extra_gauges)
		Create: Gunsmithing 1.4.9 (cgs)
		Create: Ice Creams 1.51 (create_ice_creams)
		Create: Jetpack Curios 1.2.0 (create_jetpack_curios)
		Create: Mob Spawners 1.1.0 (create_mob_spawners)
		Create: More Wrenchables 1.0.0 (createmorewrenchables)
		Create: New Age 1.2.0+mc1.21.1 (create_new_age)
		Create: Numismatics 1.0.20+neoforge-mc1.21.1 (numismatics)
		Create: Radars 0.4.9.4-1.21.1 (create_radar)
		Create: Radiologistics 1.1.1 (radiologistics)
		Create: The Factory Must Grow 1.2.0 (tfmg)
		Create: Waterframes 1.0 (create_waterframes)
		Create_Better_Villagers 1.3.2 (create_better_villagers)
		create_dimension 1.0.4 (create_dimension)
		CreateBetterFps 1.1.4 (createbetterfps)
		CreativeCore 2.13.43 (creativecore)
		Cuffed PORT 1.3.16 (cuffed)
		Cupboard mod 4.0 (cupboard)
		Curios API 9.5.1+1.21.1 (curios)
		Delightful Creators 1.2.1 (delightfulcreators)
		Deployer 0.1.2 (deployer)
		Distant Horizons 3.2.0-b (distanthorizons)
		DragonLib 1.21.1-beta-3.0.23 (dragonlib)
		Entity Model Features 3.2.4 (entity_model_features)
		Entity Texture Features 7.1 (entity_texture_features)
		EntityCulling 1.10.5 (entityculling)
		ESL 1.0.3 (esl)
		Explorer's Compass 1.21.1-3.4.0-neoforge (explorerscompass)
		Extended Build Limit 1.18-1.21 (mr_extended_buildlimit)
		Farmer's Delight 1.3.3 (farmersdelight)
		Farmer's Delight: Extended 1.21.1-0.2.2 (farmersdelight_extended)
		Fast Suite 6.0.7 (fastsuite)
		FastLeafDecay 35 (fastleafdecay)
		Feature Recycler 2.0.0 (featurerecycler)
		Ferrite Core 7.0.3 (ferritecore)
		Flight Lib 4.0.36 (flightlib)
		Flywheel 1.0.6 (flywheel)
		Forge Config API Port 21.1.1 (forgeconfigapiport)
		Forgified Fabric API 0.116.15+2.3.4+1.21.1 (fabric_api)
		Forgified Fabric API Base 0.4.42+d1308ded19 (fabric_api_base)
		Forgified Fabric API Lookup API (v1) 1.6.72+6244b11119 (fabric_api_lookup_api_v1)
		Forgified Fabric Biome API (v1) 13.0.31+1e62d33c19 (fabric_biome_api_v1)
		Forgified Fabric Block API (v1) 1.1.0+b0c22bb819 (fabric_block_api_v1)
		Forgified Fabric BlockRenderLayer Registration (v1) 1.1.52+c290471319 (fabric_blockrenderlayer_v1)
		Forgified Fabric BlockView API (v2) 1.0.10+9afaaf8c19 (fabric_block_view_api_v2)
		Forgified Fabric Client Tags 1.2.0+5adff2d719 (fabric_client_tags_api_v1)
		Forgified Fabric Command API (v2) 2.2.28+36d727be19 (fabric_command_api_v2)
		Forgified Fabric Content Registries (v0) 8.0.19+5e0d320019 (fabric_content_registries_v0)
		Forgified Fabric Convention Tags 2.1.7+7f945d5b19 (fabric_convention_tags_v1)
		Forgified Fabric Convention Tags (v2) 2.12.0+75d3639619 (fabric_convention_tags_v2)
		Forgified Fabric Data Attachment API (v1) 1.4.7+26d408aa19 (fabric_data_attachment_api_v1)
		Forgified Fabric Data Generation API (v1) 20.3.0+3e2bcb4b19 (fabric_data_generation_api_v1)
		Forgified Fabric Entity Events (v1) 1.8.0+e46a02ca19 (fabric_entity_events_v1)
		Forgified Fabric Events Interaction (v0) 0.7.14+057f5afd19 (fabric_events_interaction_v0)
		Forgified Fabric Game Rule API (v1) 1.0.53+36d727be19 (fabric_game_rule_api_v1)
		Forgified Fabric Game Test API (v1) 2.0.5+29f188ce19 (fabric_gametest_api_v1)
		Forgified Fabric Item API (v1) 11.3.0+766f218719 (fabric_item_api_v1)
		Forgified Fabric Item Group API (v1) 4.1.7+e324903319 (fabric_item_group_api_v1)
		Forgified Fabric Key Binding API (v1) 1.0.47+62cc7ce119 (fabric_key_binding_api_v1)
		Forgified Fabric Lifecycle Events (v1) 2.6.0+e40d8add19 (fabric_lifecycle_events_v1)
		Forgified Fabric Loot API (v2) 3.0.15+a3ee712d19 (fabric_loot_api_v2)
		Forgified Fabric Loot API (v3) 1.0.3+333dfad919 (fabric_loot_api_v3)
		Forgified Fabric Message API (v1) 6.0.14+6a754fce19 (fabric_message_api_v1)
		Forgified Fabric Model Loading API (v1) 2.1.0+6e8f52c719 (fabric_model_loading_api_v1)
		Forgified Fabric Networking API (v1) 4.3.1+7e3d421f19 (fabric_networking_api_v1)
		Forgified Fabric Object Builder API (v1) 15.2.1+cc242efd19 (fabric_object_builder_api_v1)
		Forgified Fabric Particles (v1) 4.0.2+824f924c19 (fabric_particles_v1)
		Forgified Fabric Recipe API (v1) 5.0.16+59440bcc19 (fabric_recipe_api_v1)
		Forgified Fabric Registry Sync (v0) 5.3.2+f9aace1619 (fabric_registry_sync_v0)
		Forgified Fabric Renderer - Indigo 1.7.1+9125b6dc19 (fabric_renderer_indigo)
		Forgified Fabric Renderer API (v1) 3.4.1+9125b6dc19 (fabric_renderer_api_v1)
		Forgified Fabric Renderer Registries (v1) 3.2.69+df3654b319 (fabric_renderer_registries_v1)
		Forgified Fabric Rendering (v1) 5.1.0+1a09bd5a19 (fabric_rendering_v1)
		Forgified Fabric Rendering Data Attachment (v1) 0.3.48+73761d2e19 (fabric_rendering_data_attachment_v1)
		Forgified Fabric Rendering Fluids (v1) 3.1.6+ddc51b4719 (fabric_rendering_fluids_v1)
		Forgified Fabric Resource Conditions API (v1) 4.3.0+5bdd099819 (fabric_resource_conditions_api_v1)
		Forgified Fabric Resource Loader (v0) 1.3.1+4ea8954419 (fabric_resource_loader_v0)
		Forgified Fabric Screen API (v1) 2.0.26+9991ca2f19 (fabric_screen_api_v1)
		Forgified Fabric Screen Handler API (v1) 1.3.91+8dbc56dd19 (fabric_screen_handler_api_v1)
		Forgified Fabric Sound API (v1) 1.0.23+10b84f8419 (fabric_sound_api_v1)
		Forgified Fabric Tag API (v1) 1.3.0+3e2bcb4b19 (fabric_tag_api_v1)
		Forgified Fabric Transfer API (v1) 5.4.4+6244b11119 (fabric_transfer_api_v1)
		Forgified Fabric Transitive Access Wideners (v1) 6.2.0+6c854b6f19 (fabric_transitive_access_wideners_v1)
		FTB Essentials 2101.1.10 (ftbessentials)
		FTB Library 2101.1.35 (ftblibrary)
		FTB Quests 2101.1.33 (ftbquests)
		FTB Teams 2101.1.10 (ftbteams)
		FTB Ultimine 2101.1.15 (ftbultimine)
		GeckoLib 4 4.9.2 (geckolib)
		Get It Together, Drops! 1.4 (getittogetherdrops)
		ImmediatelyFast 1.6.12+1.21.1 (immediatelyfast)
		Iris 1.8.14-beta.1+mc1.21.1 (iris)
		Jade 15.10.6+neoforge (jade)
		Just Enough Items 19.44.0.403 (jei)
		Just Enough Resources 1.6.0.17 (jeresources)
		Knowlogy Book 0.9.1 (knowlogy)
		Kotlin For Forge 5.12.0 (kotlinforforge)
		KubeJS 2101.7.2-build.368 (kubejs)
		KumaAPI 21.0.8 (kuma_api)
		Lavender 0.1.15_1.21 (lavender)
		lavender-md 0.1.2_1.21 (lavender_md)
		lavender-md-owo-ui 0.1.2_1.21 (lavender_md_owo_ui)
		Lazr's Lib 1.2.1 (lazrslib)
		limitedchunks mod 4.1 (limitedchunks)
		Lithium 0.15.4+mc1.21.1 (lithium)
		Lithostitched 1.8.0+beta4 (lithostitched)
		Lootr 1.21.1-1.11.38.123 (lootr)
		LowDragLib2 2.2.36.a (ldlib2)
		Mekanism 10.7.19 (mekanism)
		Minecraft 1.21.1 (minecraft)
		ModernElements 1.4.1 (modernelements)
		ModernFix 5.27.20+mc1.21.1 (modernfix)
		Moonlight Lib 1.21.1-3.4.1 (moonlight)
		More Propulsion 1.3.0 (morepropulsion)
		Mouse Tweaks 2.26.1 (mousetweaks)
		Natural Philosophy 4.0.0 (naturalphilosophy)
		NeoForge 21.1.248 (neoforge)
		Noisium 2.7.0+mc1.21-1.21.1 (noisium)
		Nowheel 1.0.6 (nowheel)
		NukaTeam's Gun Lib 3.2.0 (ntgl)
		oωo 0.12.15.5-beta.1+1.21 (owo)
		PacketFixer 3.3.1 (packetfixer)
		Patchouli 1.21.1-93-NEOFORGE (patchouli)
		Placebo 9.9.2 (placebo)
		Player Animator 2.0.4+1.21.1 (playeranimator)
		Polymorph 1.1.0+1.21.1 (polymorph)
		Ponder 1.0.82+mc1.21.1 (ponder)
		PonderJS 1.21.1-2.4.0 (ponderjs)
		Portable Physics Assembler Aeronautics 1.0.0 (portable_physics_assembler)
		Project: Vibrant Journeys 1.21.1-7.0.9 (projectvibrantjourneys)
		Quantified API 2.2.0 (quantified)
		Rhino 2101.2.7-build.85 (rhino)
		Ritchie's Projectile Library 2.1.2 (ritchiesprojectilelib)
		Sable 2.0.5 (sable)
		Sable Companion 1.6.0 (sablecompanion)
		Sauce Delight 2.0.2-SNAPSHOT (sauce_delight)
		Screenshot Chat 1.0.0 (screenshotchat)
		Searchables 1.0.2 (searchables)
		SecurityCraft 1.10.2.1 (securitycraft)
		Shield Generators 1.4.0 (shield_generators)
		Sinytra Connector 2.0.0-beta.17+1.21.1 (connector)
		Smoothchunk mod 4.1 (smoothchunk)
		Sodium 0.8.12+mc1.21.1 (sodium)
		Sophisticated Backpacks 3.25.78 (sophisticatedbackpacks)
		Sophisticated Backpacks Create Integration 0.1.8 (sophisticatedbackpackscreateintegration)
		Sophisticated Core 1.4.89 (sophisticatedcore)
		Sophisticated Storage 1.5.91 (sophisticatedstorage)
		Sophisticated Storage Create Integration 0.1.21 (sophisticatedstoragecreateintegration)
		Sound Physics Remastered 1.21.1-1.5.1 (sound_physics_remastered)
		spark 1.10.124 (spark)
		SpectreLib 0.17.2+1.21 (spectrelib)
		Structure Essentials mod 5.0 (structureessentials)
		Tectonic 3.0.26 (tectonic)
		Traderoller 1.0.0 (traderoller)
		TRansition 1.0.21 (transition)
		TRender 1.0.15 (trender)
		UltiCreate Compatability 1.0.0 (ulticreatecompatability)
		Underground Village, Stoneholm 2.0 (underground_village)
		Veil 4.4.1 (veil)
		Vestalihy 2.5.3 (vestalihy)
		Visual Recipe Edit-Create 1.1.0-neoforge-1.21.1 (visual_recipe_edit_create)
		Visual Recipe Edit-World 1.0.2-neoforge-1.21.1 (visual_recipe_edit_world)
		WaterFrames 2.1.23 (waterframes)
		WaterMedia 2.1.37 (watermedia)
		WaterMedia YT Plugin 2.1.2 (watermedia_youtube_plugin)
		WaterVision 0.1.0-alpha (watervision)
		Waystones 21.1.41 (waystones)
		WorldEdit 7.3.8+6939-7d32b45 (worldedit)
		Xaero Train Map 1.0.0 (xaerotrainmap)
		Xaero's Minimap 26.4.2 (xaerominimap)
		Xaero's World Map 1.44.2 (xaeroworldmap)
		XaeroLib 1.7.1 (xaerolib)
		Ycurrenci 2.1.0 (ycurrenci)
[19:13:51] [main/INFO]: Found Kotlin-containing mod Jar[union:/C:/Users/bramb/curseforge/minecraft/Instances/sience%20for%20meth%20forever%20test/mods/ldlib2-neoforge-1.21.1-2.2.36.a-all.jar%23515_/META-INF/jarjar/kotlin-stdlib-2.4.20-RC.jar%23779!/], checking whether we need to upgrade it..
[19:13:51] [main/INFO]: Looks like a standalone Kotlin jar. Keeping as is.
[19:13:51] [main/INFO]: Successfully made module authlib transformable
[19:13:51] [main/INFO]: Successfully made module brigadier transformable
[19:13:51] [main/INFO]: Loading coremod script-engine for [xaerominimap, xaeroworldmap]
[19:13:54] [main/INFO]: Compatibility level set to JAVA_17
[19:13:54] [main/INFO]: Compatibility level set to JAVA_21
[19:13:54] [main/INFO]: Launching target 'forgeclient' with arguments [--version, neoforge-21.1.248, --gameDir, C:\Users\bramb\curseforge\minecraft\Instances\sience for meth forever test, --assetsDir, C:\Users\bramb\curseforge\minecraft\Install\assets, --uuid, 7d581817862146c986eebc3283879b9a, --username, bramdeman111, --assetIndex, 17, --accessToken, ❄❄❄❄❄❄❄❄, --clientId, OTlmZWJhNjctMTFhOS00NGRlLWJiZGMtNTk4NTYzMGVjOGJi, --xuid, 2535448995294289, --userType, msa, --versionType, release, --width, 2560, --height, 1440, --quickPlayPath, C:\Users\bramb\curseforge\minecraft\Install\quickPlay\java\1787246025029.json]
[19:13:54] [main/INFO]: Loaded configuration file for ModernFix 5.27.20+mc1.21.1: 89 options available, 0 override(s) found
[19:13:54] [main/INFO]: Applying Nashorn fix
[19:13:54] [main/INFO]: Configuring Minecraft's max.bg.threads option with 9 threads
[19:13:54] [main/WARN]: Reference map 'iris.refmap.json' for mixins.iris.json could not be read. If this is a development environment you can ignore this message
[19:13:54] [main/WARN]: Reference map 'iris.refmap.json' for mixins.iris.fantastic.json could not be read. If this is a development environment you can ignore this message
[19:13:54] [main/WARN]: Reference map 'iris.refmap.json' for mixins.iris.vertexformat.json could not be read. If this is a development environment you can ignore this message
[19:13:54] [main/WARN]: Reference map 'iris.refmap.json' for iris-batched-entity-rendering.mixins.json could not be read. If this is a development environment you can ignore this message
[19:13:54] [main/WARN]: Reference map 'iris.refmap.json' for mixins.iris.compat.sodium.json could not be read. If this is a development environment you can ignore this message
[19:13:54] [main/WARN]: Reference map 'createdieselgenerators.refmap.json' for createdieselgenerators.mixins.json could not be read. If this is a development environment you can ignore this message
[19:13:54] [main/WARN]: Reference map 'balm.refmap.json' for balm.mixins.json could not be read. If this is a development environment you can ignore this message
[19:13:54] [main/WARN]: Reference map 'createbetterfps.refmap.json' for createbetterfps.mixins.json could not be read. If this is a development environment you can ignore this message
[19:13:54] [main/WARN]: Reference map 'crash_assistant.refmap.json' for crash_assistant.mixins.json could not be read. If this is a development environment you can ignore this message
[19:13:54] [main/WARN]: Reference map 'curios.refmap.json' for curios.neoforge.mixins.json could not be read. If this is a development environment you can ignore this message
[19:13:54] [main/WARN]: Reference map 'curios.refmap.json' for curios.mixins.json could not be read. If this is a development environment you can ignore this message
[19:13:54] [main/WARN]: Reference map 'searchables.refmap.json' for searchables.mixins.json could not be read. If this is a development environment you can ignore this message
[19:13:54] [main/WARN]: Reference map 'searchables.refmap.json' for searchables.neoforge.mixins.json could not be read. If this is a development environment you can ignore this message
[19:13:54] [main/WARN]: Reference map 'worldedit-neoforge.mixins.refmap.json' for worldedit-neoforge.mixins.json could not be read. If this is a development environment you can ignore this message
[19:13:54] [main/INFO]: Option 'mixin.experimental.entity.block_caching.suffocation' requires 'mixin.util.block_tracking=true' but found 'false'. Setting 'mixin.experimental.entity.block_caching.suffocation=false'.
[19:13:54] [main/INFO]: Option 'mixin.experimental.entity.block_caching.block_support' requires 'mixin.util.block_tracking=true' but found 'false'. Setting 'mixin.experimental.entity.block_caching.block_support=false'.
[19:13:54] [main/INFO]: Option 'mixin.experimental.entity.block_caching.block_touching' requires 'mixin.util.block_tracking=true' but found 'false'. Setting 'mixin.experimental.entity.block_caching.block_touching=false'.
[19:13:54] [main/INFO]: Option 'mixin.experimental.entity.block_caching' requires 'mixin.util.block_tracking=true' but found 'false'. Setting 'mixin.experimental.entity.block_caching=false'.
[19:13:54] [main/INFO]: Loaded configuration file for Lithium: 148 options available, 4 override(s) found
[19:13:54] [main/WARN]: Reference map 'aeronautics.refmap.json' for aeronautics.mixins.json could not be read. If this is a development environment you can ignore this message
[19:13:54] [main/INFO]: Loaded configuration file for Sodium: 45 options available, 1 override(s) found
[19:13:54] [main/WARN]: Reference map 'offroad.refmap.json' for offroad.mixins.json could not be read. If this is a development environment you can ignore this message
[19:13:54] [main/WARN]: Reference map 'smoothchunk.refmap.json' for smoothchunk.mixins.json could not be read. If this is a development environment you can ignore this message
[19:13:54] [main/WARN]: Reference map 'xaerominimap.refmap.json' for xaerohud.mixins.json could not be read. If this is a development environment you can ignore this message
[19:13:54] [main/WARN]: Reference map 'xaerominimap.refmap.json' for xaerominimap.mixins.json could not be read. If this is a development environment you can ignore this message
[19:13:54] [main/WARN]: Reference map 'polymorph.refmap.json' for polymorph.mixins.json could not be read. If this is a development environment you can ignore this message
[19:13:54] [main/WARN]: Reference map 'polymorph.refmap.json' for polymorph-compatibility.mixins.json could not be read. If this is a development environment you can ignore this message
[19:13:54] [main/WARN]: Reference map 'securitycraft.refmap.json' for securitycraft.mixins.json could not be read. If this is a development environment you can ignore this message
[19:13:54] [main/WARN]: Reference map 'entityculling.refmap.mixins.json' for entityculling.mixins.json could not be read. If this is a development environment you can ignore this message
[19:13:54] [main/WARN]: Reference map 'lazrslib.refmap.json' for lazrslib.mixins.json could not be read. If this is a development environment you can ignore this message
[19:13:54] [main/WARN]: Reference map 'chunksending.refmap.json' for chunksending.mixins.json could not be read. If this is a development environment you can ignore this message
[19:13:54] [main/WARN]: Reference map 'kuma_api.refmap.json' for kuma_api.mixins.json could not be read. If this is a development environment you can ignore this message
[19:13:54] [main/WARN]: Reference map 'geckolib.refmap.json' for geckolib.mixins.json could not be read. If this is a development environment you can ignore this message
[19:13:54] [main/WARN]: Reference map 'nvidium.refmap.json' for nvidium.mixins.json could not be read. If this is a development environment you can ignore this message
[19:13:54] [main/WARN]: Reference map 'alchemancy.refmap.json' for alchemancy.mixins.json could not be read. If this is a development environment you can ignore this message
[19:13:54] [main/WARN]: Reference map 'ntgl.mixin-refmap.json' for ntgl.mixin.json could not be read. If this is a development environment you can ignore this message
[19:13:54] [main/WARN]: Reference map 'structureessentials.refmap.json' for structureessentials.mixins.json could not be read. If this is a development environment you can ignore this message
[19:13:54] [main/WARN]: Reference map 'xaeroworldmap.refmap.json' for xaeroworldmap.mixins.json could not be read. If this is a development environment you can ignore this message
[19:13:54] [main/WARN]: Reference map 'controlling.refmap.json' for controlling.mixins.json could not be read. If this is a development environment you can ignore this message
[19:13:54] [main/WARN]: Reference map 'controlling.refmap.json' for controlling.neoforge.mixins.json could not be read. If this is a development environment you can ignore this message
[19:13:54] [main/WARN]: Reference map 'placebo.refmap.json' for placebo.mixins.json could not be read. If this is a development environment you can ignore this message
[19:13:54] [main/WARN]: Reference map 'citadel.refmap.json' for citadel.mixins.json could not be read. If this is a development environment you can ignore this message
[19:13:54] [main/WARN]: Reference map 'simulated.refmap.json' for simulated.mixins.json could not be read. If this is a development environment you can ignore this message
[19:13:54] [main/WARN]: Reference map 'carryon.refmap.json' for carryon.mixins.json could not be read. If this is a development environment you can ignore this message
[19:13:54] [main/WARN]: Reference map 'create_connected.refmap.json' for create_connected.mixins.json could not be read. If this is a development environment you can ignore this message
[19:13:54] [main/WARN]: Reference map 'getittogetherdrops.refmap.json' for getittogetherdrops.mixins.json could not be read. If this is a development environment you can ignore this message
[19:13:54] [main/WARN]: Reference map 'projectvibrantjourneys.refmap.json' for projectvibrantjourneys.mixins.json could not be read. If this is a development environment you can ignore this message
[19:13:54] [main/WARN]: Reference map 'patchouli.refmap.json' for patchouli_xplat.mixins.json could not be read. If this is a development environment you can ignore this message
[19:13:54] [main/WARN]: Reference map 'underground_village.refmap.json' for underground_village.mixins.json could not be read. If this is a development environment you can ignore this message
[19:13:54] [main/WARN]: Reference map 'watervision.mixin-refmap.json' for watervision.mixin.json could not be read. If this is a development environment you can ignore this message
[19:13:54] [main/WARN]: Reference map 'limitedchunks.refmap.json' for limitedchunks.mixins.json could not be read. If this is a development environment you can ignore this message
[19:13:54] [main/WARN]: Reference map 'xaerolib.refmap.json' for xaerolib.mixins.json could not be read. If this is a development environment you can ignore this message
[19:13:54] [main/WARN]: Reference map 'waystones.refmap.json' for waystones.mixins.json could not be read. If this is a development environment you can ignore this message
[19:13:54] [main/WARN]: Reference map 'fastsuite.refmap.json' for fastsuite.mixins.json could not be read. If this is a development environment you can ignore this message
[19:13:54] [main/WARN]: Reference map 'clumps.refmap.json' for clumps.mixins.json could not be read. If this is a development environment you can ignore this message
[19:13:54] [main/WARN]: Reference map 'comforts.refmap.json' for comforts.mixins.json could not be read. If this is a development environment you can ignore this message
[19:13:54] [main/WARN]: Reference map 'createbitterballen.refmap.json' for create_bic_bit.mixins.json could not be read. If this is a development environment you can ignore this message
[19:13:54] [main/WARN]: Reference map 'tfmg.refmap.json' for tfmg.mixins.json could not be read. If this is a development environment you can ignore this message
[19:13:54] [main/WARN]: Reference map 'alexscaves.refmap.json' for alexscaves.mixins.json could not be read. If this is a development environment you can ignore this message
[19:13:54] [main/WARN]: Reference map 'creativecore.mixins.refmap.json' for creativecore.mixins.json could not be read. If this is a development environment you can ignore this message
[19:13:54] [main/WARN]: Reference map 'creativecore.mixins.refmap.json' for creativecore.forge.mixins.json could not be read. If this is a development environment you can ignore this message
[19:13:54] [main/WARN]: Reference map 'createradar.refmap.json' for create_radar.mixins.json could not be read. If this is a development environment you can ignore this message
[19:13:54] [main/WARN]: Reference map 'radiologistics.refmap.json' for radiologistics.mixins.json could not be read. If this is a development environment you can ignore this message
[19:13:54] [main/WARN]: Reference map 'electroenergetics.refmap.json' for electroenergetics.mixins.json could not be read. If this is a development environment you can ignore this message
[19:13:54] [main/WARN]: Reference map '${refmap_target}refmap.json' for ferritecore.predicates.mixin.json could not be read. If this is a development environment you can ignore this message
[19:13:54] [main/WARN]: Reference map '${refmap_target}refmap.json' for ferritecore.fastmap.mixin.json could not be read. If this is a development environment you can ignore this message
[19:13:54] [main/WARN]: Reference map '${refmap_target}refmap.json' for ferritecore.mrl.mixin.json could not be read. If this is a development environment you can ignore this message
[19:13:54] [main/WARN]: Reference map '${refmap_target}refmap.json' for ferritecore.dedupmultipart.mixin.json could not be read. If this is a development environment you can ignore this message
[19:13:54] [main/WARN]: Reference map '${refmap_target}refmap.json' for ferritecore.blockstatecache.mixin.json could not be read. If this is a development environment you can ignore this message
[19:13:54] [main/WARN]: Reference map '${refmap_target}refmap.json' for ferritecore.dedupbakedquad.mixin.json could not be read. If this is a development environment you can ignore this message
[19:13:54] [main/WARN]: Reference map '${refmap_target}refmap.json' for ferritecore.threaddetec.mixin.json could not be read. If this is a development environment you can ignore this message
[19:13:54] [main/WARN]: Reference map '${refmap_target}refmap.json' for ferritecore.modelsides.mixin.json could not be read. If this is a development environment you can ignore this message
[19:13:54] [main/WARN]: Reference map '${refmap_target}refmap.json' for ferritecore.datacomponents.mixin.json could not be read. If this is a development environment you can ignore this message
[19:13:54] [main/WARN]: Reference map '${refmap_target}refmap.json' for ferritecore.accessors.mixin.json could not be read. If this is a development environment you can ignore this message
[19:13:54] [main/WARN]: Reference map 'ponder.refmap.json' for ponder-common.mixins.json could not be read. If this is a development environment you can ignore this message
[19:13:54] [main/WARN]: Reference map 'cgs.mixin-refmap.json' for cgs.mixin.json could not be read. If this is a development environment you can ignore this message
[19:13:54] [main/WARN]: Reference map 'dndesires.refmap.json' for dndesires.mixins.json could not be read. If this is a development environment you can ignore this message
[19:13:54] [main/WARN]: Reference map 'createmoreconveyor.refmap.json' for createmoreconveyor.mixins.json could not be read. If this is a development environment you can ignore this message
[19:13:54] [main/WARN]: Reference map 'create_extra_casing.refmap.json' for create_extra_casing.mixins.json could not be read. If this is a development environment you can ignore this message
[19:13:54] [main/INFO]: Using Sodium renderer mixins
[19:13:54] [main/INFO]: Using Sodium renderer mixins
[19:13:54] [main/WARN]: Reference map 'create_break.refmap.json' for create_break.mixins.json could not be read. If this is a development environment you can ignore this message
[19:13:54] [main/WARN]: Reference map 'vestalihy.refmap.json' for vestalihy.mixins.json could not be read. If this is a development environment you can ignore this message
[19:13:54] [main/WARN]: Reference map 'create_better_villagers.refmap.json' for create_better_villagers.mixins.json could not be read. If this is a development environment you can ignore this message
[19:13:54] [main/WARN]: Reference map 'create_dimension.refmap.json' for create_dimension.mixins.json could not be read. If this is a development environment you can ignore this message
[19:13:54] [main/WARN]: Reference map 'create_colored_chain_conveyor.refmap.json' for create_colored_chain_conveyor.mixins.json could not be read. If this is a development environment you can ignore this message
[19:13:54] [main/WARN]: Reference map 'better_lib.refmap.json' for better_lib.mixins.json could not be read. If this is a development environment you can ignore this message
[19:13:54] [main/INFO]: Packet Fixer neoforge 1.20.5-1.21.X has been applied successfully.
[19:13:54] [main/INFO]: Config version: 6
[19:13:54] [main/INFO]: BadOptimizations config dump:
[19:13:54] [main/INFO]: enable_toast_optimizations: true
[19:13:54] [main/INFO]: ignore_mod_incompatibilities: false
[19:13:54] [main/INFO]: lightmap_time_change_needed_for_update: 80
[19:13:54] [main/INFO]: enable_lightmap_caching: true
[19:13:54] [main/INFO]: enable_particle_manager_optimization: true
[19:13:54] [main/INFO]: enable_entity_renderer_caching: true
[19:13:54] [main/INFO]: log_config: true
[19:13:54] [main/INFO]: enable_remove_redundant_fov_calculations: true
[19:13:54] [main/INFO]: config_version: 6
[19:13:54] [main/INFO]: enable_sky_angle_caching_in_worldrenderer: true
[19:13:54] [main/INFO]: enable_block_entity_renderer_caching: true
[19:13:54] [main/INFO]: skycolor_time_change_needed_for_update: 3
[19:13:54] [main/INFO]: enable_entity_flag_caching: true
[19:13:54] [main/INFO]: ignore_mod_cache_hooks: false
[19:13:54] [main/INFO]: enable_debug_renderer_disable_if_not_needed: true
[19:13:54] [main/INFO]: enable_sky_color_caching: true
[19:13:54] [main/INFO]: enable_remove_tutorial_if_not_demo: true
[19:13:54] [main/INFO]: show_f3_text: true
[19:13:54] [main/WARN]: Reference map 'mixins.create_enhanced_schematicannon.refmap.json' for mixins.create_enhanced_schematicannon.json could not be read. If this is a development environment you can ignore this message
[19:13:54] [main/WARN]: Reference map 'sound_physics_remastered.refmap.json' for sound_physics_remastered.mixins.json could not be read. If this is a development environment you can ignore this message
[19:13:54] [main/INFO]: Starting Essential v1.4.1.1 (#31e1806134) [stable]
[19:13:54] [main/WARN]: Reference map 'mixin.cuffed.refmap.json' for mixins.cuffed.json could not be read. If this is a development environment you can ignore this message
[19:13:54] [main/WARN]: Reference map '' for adapter.init.mixins.json could not be read. If this is a development environment you can ignore this message
[19:13:55] [main/WARN]: Error loading class: com/portingdeadmods/cable_facades/events/GameClientEvents$2 (java.lang.ClassNotFoundException: com.portingdeadmods.cable_facades.events.GameClientEvents$2)
[19:13:55] [main/WARN]: Error loading class: com/direwolf20/justdirethings/client/renderers/OurRenderTypes (java.lang.ClassNotFoundException: com.direwolf20.justdirethings.client.renderers.OurRenderTypes)
[19:13:55] [main/WARN]: Error loading class: blusunrize/immersiveengineering/client/utils/IEGLShaders (java.lang.ClassNotFoundException: blusunrize.immersiveengineering.client.utils.IEGLShaders)
[19:13:55] [main/WARN]: Error loading class: xfacthd/framedblocks/common/blockentity/doubled/slab/FramedAdjustableDoubleBlockEntity (java.lang.ClassNotFoundException: xfacthd.framedblocks.common.blockentity.doubled.slab.FramedAdjustableDoubleBlockEntity)
[19:13:55] [main/WARN]: @Mixin target xfacthd.framedblocks.common.blockentity.doubled.slab.FramedAdjustableDoubleBlockEntity was not found createbigcannons.mixins.json:compat.framedblocks.FramedAdjustableDoubleBlockEntityAccessor from mod createbigcannons
[19:13:55] [main/INFO]: Force-disabling mixin 'entity.collisions.unpushable_cramming.EntityMixin' as rule 'mixin.entity.collisions.unpushable_cramming' (added by mods [sable]) disables it and children
[19:13:55] [main/INFO]: Force-disabling mixin 'entity.collisions.unpushable_cramming.EntitySectionMixin' as rule 'mixin.entity.collisions.unpushable_cramming' (added by mods [sable]) disables it and children
[19:13:55] [main/INFO]: Force-disabling mixin 'entity.collisions.unpushable_cramming.EntitySelectorMixin' as rule 'mixin.entity.collisions.unpushable_cramming' (added by mods [sable]) disables it and children
[19:13:55] [main/INFO]: Force-disabling mixin 'entity.collisions.unpushable_cramming.LivingEntityMixin' as rule 'mixin.entity.collisions.unpushable_cramming' (added by mods [sable]) disables it and children
[19:13:55] [main/INFO]: Force-disabling mixin 'world.chunk_access.ChunkHolderMixin' as rule 'mixin.world.chunk_access' (added by mods [sable]) disables it and children
[19:13:55] [main/INFO]: Force-disabling mixin 'world.chunk_access.GenerationChunkHolderAccessor' as rule 'mixin.world.chunk_access' (added by mods [sable]) disables it and children
[19:13:55] [main/INFO]: Force-disabling mixin 'world.chunk_access.LevelMixin' as rule 'mixin.world.chunk_access' (added by mods [sable]) disables it and children
[19:13:55] [main/INFO]: Force-disabling mixin 'world.chunk_access.ServerChunkCacheMixin' as rule 'mixin.world.chunk_access' (added by mods [sable]) disables it and children
[19:13:55] [main/INFO]: Force-disabling mixin 'world.chunk_ticking.spread_ice.BiomeMixin' as rule 'mixin.world.chunk_ticking' (added by mods [sable]) disables it and children
[19:13:55] [main/INFO]: Force-disabling mixin 'world.tick_scheduler.LevelChunkTicksMixin' as rule 'mixin.world.tick_scheduler' (added by mods [sable]) disables it and children
[19:13:55] [main/WARN]: Force-disabling mixin 'features.render.world.sky.ClientLevelMixin' as rule 'mixin.features.render.world.sky' (added by mods [iris]) disables it and children
[19:13:55] [main/WARN]: Force-disabling mixin 'features.render.world.sky.FogRendererMixin' as rule 'mixin.features.render.world.sky' (added by mods [iris]) disables it and children
[19:13:55] [main/WARN]: Force-disabling mixin 'features.render.world.sky.LevelRendererMixin' as rule 'mixin.features.render.world.sky' (added by mods [iris]) disables it and children
[19:13:55] [main/WARN]: Error loading class: me/cominixo/betterf3/modules/TargetModule (java.lang.ClassNotFoundException: me.cominixo.betterf3.modules.TargetModule)
[19:13:55] [main/WARN]: @Mixin target me.cominixo.betterf3.modules.TargetModule was not found securitycraft.mixins.json:f3.BetterF3TargetModuleMixin from mod securitycraft
[19:13:55] [main/INFO]: Loaded config for: chunksending.json
[19:13:55] [main/INFO]: Loaded config for: structureessentials.json
[19:13:55] [main/WARN]: Error loading class: net/caffeinemc/mods/sodium/client/gui/SodiumGameOptionPages (java.lang.ClassNotFoundException: net.caffeinemc.mods.sodium.client.gui.SodiumGameOptionPages)
[19:13:55] [main/WARN]: @Mixin target net.caffeinemc.mods.sodium.client.gui.SodiumGameOptionPages was not found neoforge-betterbiomeblend-common.mixins.json:sodium.MixinSodiumGameOptionPages from mod betterbiomereblend
[19:13:55] [main/WARN]: Error loading class: me/jellysquid/mods/lithium/common/ai/pathing/PathNodeDefaults (java.lang.ClassNotFoundException: me.jellysquid.mods.lithium.common.ai.pathing.PathNodeDefaults)
[19:13:55] [main/WARN]: Error loading class: dev/tr7zw/skinlayers/render/CustomizableModelPart (java.lang.ClassNotFoundException: dev.tr7zw.skinlayers.render.CustomizableModelPart)
[19:13:55] [main/WARN]: Error loading class: net/mehvahdjukaar/supplementaries/common/entities/SlimeBallEntity (java.lang.ClassNotFoundException: net.mehvahdjukaar.supplementaries.common.entities.SlimeBallEntity)
[19:13:55] [main/WARN]: Error loading class: me/jellysquid/mods/lithium/common/ai/pathing/PathNodeDefaults (java.lang.ClassNotFoundException: me.jellysquid.mods.lithium.common.ai.pathing.PathNodeDefaults)
[19:13:55] [main/INFO]: Immersive Portals not present, skipping DH compatibility mixin.
[19:13:55] [main/WARN]: Error loading class: net/mehvahdjukaar/vista/configs/ClientConfigs (java.lang.ClassNotFoundException: net.mehvahdjukaar.vista.configs.ClientConfigs)
[19:13:55] [main/WARN]: @Mixin target net.mehvahdjukaar.vista.configs.ClientConfigs was not found radiologistics.mixins.json:ClientConfigsMixin from mod radiologistics
[19:13:56] [main/WARN]: Error loading class: org/jetbrains/annotations/ApiStatus$Internal (java.lang.ClassNotFoundException: org.jetbrains.annotations.ApiStatus$Internal)
[19:13:56] [main/WARN]: Error loading class: org/jetbrains/annotations/ApiStatus$ScheduledForRemoval (java.lang.ClassNotFoundException: org.jetbrains.annotations.ApiStatus$ScheduledForRemoval)
[19:13:56] [main/INFO]: Initializing MixinExtras via com.llamalad7.mixinextras.service.MixinExtrasServiceImpl(version=0.5.3).
[20Aug2026 19:13:57.086] [main/WARN] [mixin/]: Static binding violation: PRIVATE @Overwrite method decoratedId in modernfix-modernfix.mixins.json:perf.tag_id_caching.TagOrElementLocationMixin from mod modernfix cannot reduce visibiliy of PUBLIC target method, visibility will be upgraded.
[20Aug2026 19:13:57.832] [main/WARN] [mixin/]: Method overwrite conflict for getCitadelEntityData in citadel.mixins.json:LivingEntityMixin from mod citadel, previously written by com.github.alexthe666.alexsmobs.mixin.LivingEntityMixin. Skipping method.
[20Aug2026 19:13:57.832] [main/WARN] [mixin/]: Method overwrite conflict for setCitadelEntityData in citadel.mixins.json:LivingEntityMixin from mod citadel, previously written by com.github.alexthe666.alexsmobs.mixin.LivingEntityMixin. Skipping method.
[20Aug2026 19:13:58.694] [Datafixer Bootstrap/INFO] [com.mojang.datafixers.DataFixerBuilder/]: 229 Datafixer optimizations took 231 milliseconds
[20Aug2026 19:13:58.948] [pool-15-thread-1/INFO] [net.minecraft.server.Bootstrap/]: ModernFix reached bootstrap stage (13.89 s after launch)
[20Aug2026 19:14:00.301] [pool-15-thread-1/WARN] [mixin/]: Method overwrite conflict for setBlockState in alchemancy.mixins.json:accessors.FallingBlockEntityAccessor from mod alchemancy, previously written by com.github.alexmodguy.alexscaves.mixin.FallingBlockEntityMixin. Skipping method.
[20Aug2026 19:14:00.742] [pool-15-thread-1/WARN] [mixin/]: Discarding @Unique public method self in alchemancy.mixins.json:ItemStackExtensionMixin from mod alchemancy because it already exists in net.neoforged.neoforge.common.extensions.IItemStackExtension
[20Aug2026 19:14:00.755] [pool-15-thread-1/WARN] [mixin/]: Static binding violation: PRIVATE @Overwrite method getTemperature in modernfix-modernfix.mixins.json:perf.remove_biome_temperature_cache.BiomeMixin from mod modernfix cannot reduce visibiliy of PUBLIC target method, visibility will be upgraded.
[20Aug2026 19:14:00.758] [pool-15-thread-1/WARN] [mixin/]: Method overwrite conflict for getTemperature in lithium.mixins.json:world.temperature_cache.BiomeMixin from mod lithium, previously written by org.embeddedt.modernfix.common.mixin.perf.remove_biome_temperature_cache.BiomeMixin. Skipping method.
[20Aug2026 19:14:02.588] [pool-15-thread-1/WARN] [mixin/]: Mixin alexscaves.mixins.json:SwampHutPieceMixin from mod alexscaves has multiple constructors, <init>(Lnet/minecraft/world/level/levelgen/structure/pieces/StructurePieceType;IIIIIILnet/minecraft/core/Direction;)V was selected

[20Aug2026 19:14:02.990] [pool-15-thread-1/INFO] [net.minecraft.server.Bootstrap/]: Vanilla bootstrap took 4020 milliseconds
[20Aug2026 19:14:03.532] [Render thread/WARN] [net.minecraft.server.packs.VanillaPackResourcesBuilder/]: Assets URL 'union:/C:/Users/bramb/curseforge/minecraft/Install/libraries/net/minecraft/client/1.21.1-20240808.144430/client-1.21.1-20240808.144430-srg.jar%23389!/assets/.mcassetsroot' uses unexpected schema
[20Aug2026 19:14:03.532] [Render thread/WARN] [net.minecraft.server.packs.VanillaPackResourcesBuilder/]: Assets URL 'union:/C:/Users/bramb/curseforge/minecraft/Install/libraries/net/minecraft/client/1.21.1-20240808.144430/client-1.21.1-20240808.144430-srg.jar%23389!/data/.mcassetsroot' uses unexpected schema
[20Aug2026 19:14:03.587] [Render thread/INFO] [com.mojang.authlib.yggdrasil.YggdrasilAuthenticationService/]: Environment: Environment[sessionHost=https://sessionserver.mojang.com, servicesHost=https://api.minecraftservices.com, name=PROD]
[20Aug2026 19:14:03.596] [Render thread/INFO] [net.minecraft.client.Minecraft/]: Setting user: bramdeman111
[20Aug2026 19:14:03.740] [Render thread/ERROR] [net.minecraft.client.renderer.Sheets/]: net.minecraft.client.renderer.Sheets loaded too early, modded registry-based materials may not work correctly
java.lang.IllegalStateException: net.minecraft.client.renderer.Sheets loaded too early
	at TRANSFORMER/minecraft@1.21.1/net.minecraft.client.renderer.Sheets.<clinit>(Sheets.java:227) ~[client-1.21.1-20240808.144430-srg.jar%23389!/:?]
	at TRANSFORMER/lavender@0.1.15_1.21/io.wispforest.lavender.client.BasicVertexConsumerProvider.lambda$new$0(BasicVertexConsumerProvider.java:13) ~[lavender-0.1.15+1.21_mapped_moj_1.21.1.jar%231007!/:?]
	at TRANSFORMER/minecraft@1.21.1/net.minecraft.Util.make(Util.java:461) ~[client-1.21.1-20240808.144430-srg.jar%23389!/:?]
	at TRANSFORMER/lavender@0.1.15_1.21/io.wispforest.lavender.client.BasicVertexConsumerProvider.<init>(BasicVertexConsumerProvider.java:12) ~[lavender-0.1.15+1.21_mapped_moj_1.21.1.jar%231007!/:?]
	at TRANSFORMER/lavender@0.1.15_1.21/io.wispforest.lavender.client.StructureOverlayRenderer.<clinit>(StructureOverlayRenderer.java:62) ~[lavender-0.1.15+1.21_mapped_moj_1.21.1.jar%231007!/:?]
	at TRANSFORMER/lavender@0.1.15_1.21/io.wispforest.lavender.client.LavenderClient.onInitializeClient(LavenderClient.java:61) ~[lavender-0.1.15+1.21_mapped_moj_1.21.1.jar%231007!/:?]
	at LAYER SERVICE/org.sinytra.connector@2.0.0-beta.17+1.21.1-full/net.fabricmc.loader.impl.FabricLoaderImpl.invokeEntrypoints(FabricLoaderImpl.java:135) ~[connector-2.0.0-beta.17+1.21.1-full.jar%23376!/:2.0.0-beta.17+1.21.1]
	at TRANSFORMER/connector@2.0.0-beta.17+1.21.1/org.sinytra.connector.mod.ConnectorLoader.load(ConnectorLoader.java:52) ~[org.sinytra.connector-2.0.0-beta.17+1.21.1-mod.jar%231011!/:2.0.0-beta.17+1.21.1]
	at TRANSFORMER/minecraft@1.21.1/net.minecraft.client.Minecraft.handler$ehm000$connector$earlyInit(Minecraft.java:43002) ~[client-1.21.1-20240808.144430-srg.jar%23389!/:?]
	at TRANSFORMER/minecraft@1.21.1/net.minecraft.client.Minecraft.<init>(Minecraft.java:445) ~[client-1.21.1-20240808.144430-srg.jar%23389!/:?]
	at TRANSFORMER/minecraft@1.21.1/net.minecraft.client.main.Main.main(Main.java:214) ~[client-1.21.1-20240808.144430-srg.jar%23389!/:?]
	at java.base/jdk.internal.reflect.DirectMethodHandleAccessor.invoke(DirectMethodHandleAccessor.java:103) ~[?:?]
	at java.base/java.lang.reflect.Method.invoke(Method.java:580) ~[?:?]
	at MC-BOOTSTRAP/fml_loader@4.0.43/net.neoforged.fml.loading.targets.CommonLaunchHandler.runTarget(CommonLaunchHandler.java:136) ~[loader-4.0.43.jar%23107!/:4.0]
	at MC-BOOTSTRAP/fml_loader@4.0.43/net.neoforged.fml.loading.targets.CommonLaunchHandler.clientService(CommonLaunchHandler.java:124) ~[loader-4.0.43.jar%23107!/:4.0]
	at MC-BOOTSTRAP/fml_loader@4.0.43/net.neoforged.fml.loading.targets.CommonClientLaunchHandler.runService(CommonClientLaunchHandler.java:32) ~[loader-4.0.43.jar%23107!/:4.0]
	at MC-BOOTSTRAP/fml_loader@4.0.43/net.neoforged.fml.loading.targets.CommonLaunchHandler.lambda$launchService$4(CommonLaunchHandler.java:118) ~[loader-4.0.43.jar%23107!/:4.0]
	at MC-BOOTSTRAP/cpw.mods.modlauncher@11.0.5/cpw.mods.modlauncher.LaunchServiceHandlerDecorator.launch(LaunchServiceHandlerDecorator.java:30) [modlauncher-11.0.5.jar%23112!/:?]
	at MC-BOOTSTRAP/cpw.mods.modlauncher@11.0.5/cpw.mods.modlauncher.LaunchServiceHandler.launch(LaunchServiceHandler.java:53) [modlauncher-11.0.5.jar%23112!/:?]
	at MC-BOOTSTRAP/cpw.mods.modlauncher@11.0.5/cpw.mods.modlauncher.LaunchServiceHandler.launch(LaunchServiceHandler.java:71) [modlauncher-11.0.5.jar%23112!/:?]
	at MC-BOOTSTRAP/cpw.mods.modlauncher@11.0.5/cpw.mods.modlauncher.Launcher.run(Launcher.java:103) [modlauncher-11.0.5.jar%23112!/:?]
	at MC-BOOTSTRAP/cpw.mods.modlauncher@11.0.5/cpw.mods.modlauncher.Launcher.main(Launcher.java:74) [modlauncher-11.0.5.jar%23112!/:?]
	at MC-BOOTSTRAP/cpw.mods.modlauncher@11.0.5/cpw.mods.modlauncher.BootstrapLaunchConsumer.accept(BootstrapLaunchConsumer.java:26) [modlauncher-11.0.5.jar%23112!/:?]
	at MC-BOOTSTRAP/cpw.mods.modlauncher@11.0.5/cpw.mods.modlauncher.BootstrapLaunchConsumer.accept(BootstrapLaunchConsumer.java:23) [modlauncher-11.0.5.jar%23112!/:?]
	at cpw.mods.bootstraplauncher@2.0.2/cpw.mods.bootstraplauncher.BootstrapLauncher.run(BootstrapLauncher.java:210) [bootstraplauncher-2.0.2.jar:?]
	at cpw.mods.bootstraplauncher@2.0.2/cpw.mods.bootstraplauncher.BootstrapLauncher.main(BootstrapLauncher.java:69) [bootstraplauncher-2.0.2.jar:?]
[20Aug2026 19:14:03.947] [Render thread/INFO] [mixin/]: BeforeConstant is searching for constants in method with descriptor (Lnet/minecraft/client/GuiMessage;)V
[20Aug2026 19:14:03.947] [Render thread/INFO] [mixin/]:   BeforeConstant found STRING constant: value = , stringValue = null
[20Aug2026 19:14:03.947] [Render thread/INFO] [mixin/]:     BeforeConstant found a matching constant TYPE at ordinal 0
[20Aug2026 19:14:03.947] [Render thread/INFO] [mixin/]:       BeforeConstant found LdcInsn 
[20Aug2026 19:14:03.947] [Render thread/INFO] [mixin/]:   BeforeConstant found STRING constant: value = \\r, stringValue = null
[20Aug2026 19:14:03.947] [Render thread/INFO] [mixin/]:     BeforeConstant found a matching constant TYPE at ordinal 1
[20Aug2026 19:14:03.947] [Render thread/INFO] [mixin/]:       BeforeConstant found LdcInsn \\r
[20Aug2026 19:14:03.947] [Render thread/INFO] [mixin/]:   BeforeConstant found STRING constant: value = 
, stringValue = null
[20Aug2026 19:14:03.947] [Render thread/INFO] [mixin/]:     BeforeConstant found a matching constant TYPE at ordinal 2
[20Aug2026 19:14:03.947] [Render thread/INFO] [mixin/]:       BeforeConstant found LdcInsn 

[20Aug2026 19:14:03.948] [Render thread/INFO] [mixin/]:   BeforeConstant found STRING constant: value = \\n, stringValue = null
[20Aug2026 19:14:03.948] [Render thread/INFO] [mixin/]:     BeforeConstant found a matching constant TYPE at ordinal 3
[20Aug2026 19:14:03.948] [Render thread/INFO] [mixin/]:       BeforeConstant found LdcInsn \\n
[20Aug2026 19:14:03.948] [Render thread/INFO] [mixin/]:   BeforeConstant found CLASS constant: value = Ljava/lang/String;, typeValue = null
[20Aug2026 19:14:03.948] [Render thread/INFO] [mixin/]:   BeforeConstant found STRING constant: value = [{}] [CHAT] {}, stringValue = null
[20Aug2026 19:14:03.948] [Render thread/INFO] [mixin/]:     BeforeConstant found a matching constant TYPE at ordinal 4
[20Aug2026 19:14:03.948] [Render thread/INFO] [mixin/]:       BeforeConstant found LdcInsn [{}] [CHAT] {}
[20Aug2026 19:14:03.948] [Render thread/INFO] [mixin/]:   BeforeConstant found STRING constant: value = [CHAT] {}, stringValue = null
[20Aug2026 19:14:03.948] [Render thread/INFO] [mixin/]:     BeforeConstant found a matching constant TYPE at ordinal 5
[20Aug2026 19:14:03.948] [Render thread/INFO] [mixin/]:       BeforeConstant found LdcInsn [CHAT] {}
[20Aug2026 19:14:03.982] [Render thread/INFO] [Iris/]: Queuing DH event binding...
[20Aug2026 19:14:04.039] [Render thread/INFO] [Essential Logger/]: OptiFine not detected.
[20Aug2026 19:14:04.176] [ForkJoinPool.commonPool-worker-7/WARN] [Iris/]: [Iris Update Check] This version doesn't have an update index, skipping.
[20Aug2026 19:14:04.449] [Render thread/INFO] [Essential - DI/]: Starting DI!
[20Aug2026 19:14:04.488] [Render thread/INFO] [Essential - Connection/]: Authenticating to Mojang as bramdeman111 (7d581817-8621-46c9-86ee-bc3283879b9a)
[20Aug2026 19:14:04.556] [Render thread/INFO] [net.minecraft.client.Minecraft/]: Backend library: LWJGL version 3.3.3+5
[20Aug2026 19:14:04.658] [Render thread/INFO] [com.mojang.blaze3d.platform.Window/]: OpenGL Vendor: NVIDIA Corporation
[20Aug2026 19:14:04.658] [Render thread/INFO] [com.mojang.blaze3d.platform.Window/]: OpenGL Renderer: NVIDIA GeForce RTX 5070/PCIe/SSE2
[20Aug2026 19:14:04.658] [Render thread/INFO] [com.mojang.blaze3d.platform.Window/]: OpenGL Version: 4.6.0 NVIDIA 610.88
[20Aug2026 19:14:04.661] [Render thread/INFO] [Sodium-NvidiaWorkarounds/]: Modifying OpenGL context to apply workarounds for the NVIDIA graphics driver...
[20Aug2026 19:14:04.661] [Render thread/INFO] [Sodium-NvidiaWorkarounds/]: Enabling GL_DEBUG_OUTPUT_SYNCHRONOUS to force the NVIDIA driver to disable threaded command submission
[20Aug2026 19:14:04.694] [Render thread/INFO] [Acedium/]: Acedium Sodiumized OpenGL requirements met
[20Aug2026 19:14:04.695] [Render thread/INFO] [Acedium/]: Enabling Acedium Sodiumized renderer
[20Aug2026 19:14:04.729] [Render thread/INFO] [ImmediatelyFast/]: Initializing ImmediatelyFast 1.6.12+1.21.1 on NVIDIA GeForce RTX 5070/PCIe/SSE2 (NVIDIA Corporation) with OpenGL 4.6.0 NVIDIA 610.88
[20Aug2026 19:14:04.731] [Render thread/INFO] [ImmediatelyFast/]: Found Iris 1.8.14-beta.1+mc1.21.1. Enabling compatibility.
[20Aug2026 19:14:04.895] [Render thread/INFO] [Iris/]: Debug functionality is disabled.
[20Aug2026 19:14:04.900] [Render thread/INFO] [Iris/]: OpenGL 4.5 detected, enabling DSA.
[20Aug2026 19:14:04.925] [DefaultDispatcher-worker-3/INFO] [Essential - Connection/]: Connecting to Essential Connection Manager...
[20Aug2026 19:14:04.925] [Render thread/INFO] [colorwheel/]: Is OIT supported: true
[20Aug2026 19:14:04.953] [DefaultDispatcher-worker-3/INFO] [Essential Logger/]: Using Default JreDnsResolver
[20Aug2026 19:14:04.958] [DefaultDispatcher-worker-3/INFO] [Essential Logger/]: Using Default JreSocketFactory
[20Aug2026 19:14:05.201] [modloading-worker-0/INFO] [Veil/]: Veil is initializing.
[20Aug2026 19:14:05.234] [modloading-worker-0/INFO] [org.antarcticgardens.cna.CreateNewAge/]: Hello 1.21.1 Create!
[20Aug2026 19:14:05.261] [modloading-worker-0/INFO] [LowDragLib2/]: LowDragLib2 is initializing on platform: NeoForge
[20Aug2026 19:14:05.286] [modloading-worker-0/INFO] [net.neoforged.neoforge.common.NeoForgeMod/NEOFORGE-MOD]: NeoForge mod loading, version 21.1.248, for MC 1.21.1
[20Aug2026 19:14:05.290] [modloading-worker-0/INFO] [com.ogtenzohd.cel.CreateExpandedLogistics/]: [ExpandedLogistics] Mod Construction Starting...
[20Aug2026 19:14:05.379] [WebSocketConnectReadThread-126/INFO] [Essential - Connection/]: Connected to Essential Connection Manager.
[20Aug2026 19:14:05.481] [modloading-worker-0/INFO] [noisium/]: Loading Noisium.
[20Aug2026 19:14:05.491] [modloading-worker-0/INFO] [com.ogtenzohd.cel.CreateExpandedLogistics/]: [ExpandedLogistics] Mod Construction Complete.
[20Aug2026 19:14:05.641] [modloading-worker-0/INFO] [watermedia/Bootstrap]: Preparing 'WATERMeDIA' on 'NeoForge'
[20Aug2026 19:14:05.641] [modloading-worker-0/INFO] [watermedia/Bootstrap]: WaterMedia version '2.1.37'
[20Aug2026 19:14:05.641] [modloading-worker-0/INFO] [watermedia/Bootstrap]: OS Detected: Windows 11 (x86-64)
[20Aug2026 19:14:05.642] [modloading-worker-0/INFO] [watermedia/Bootstrap]: Runtime memory Usage: 1547MB/12416MB
[20Aug2026 19:14:05.661] [modloading-worker-0/WARN] [alexsmobs/]: Duplicate setting name geladaMonkeySpawnRolls in both spawning and uniqueSpawning — only the first is reachable by name
[20Aug2026 19:14:05.694] [modloading-worker-0/INFO] [watermedia/Bootstrap]: Starting CacheAPI
[20Aug2026 19:14:05.694] [modloading-worker-0/INFO] [watermedia/CacheAPI]: Mounted on path 'C:\Users\bramb\AppData\Local\Temp\watermedia\cache\pictures'
[20Aug2026 19:14:05.696] [modloading-worker-0/INFO] [watermedia/Bootstrap]: Module CacheAPI loaded successfully
[20Aug2026 19:14:05.696] [modloading-worker-0/INFO] [watermedia/Bootstrap]: Starting PlayerAPI
[20Aug2026 19:14:05.697] [modloading-worker-0/INFO] [watermedia/PlayerAPI]: Binaries are wrapped
[20Aug2026 19:14:05.703] [modloading-worker-0/WARN] [watermedia/PlayerAPI]: VLC binaries extraction skipped. Extracted version match with wrapped version
[20Aug2026 19:14:05.754] [modloading-worker-0/INFO] [VideoLan4J/NativeDiscovery]: Searching using 'WaterMedia Provider'
[20Aug2026 19:14:05.754] [modloading-worker-0/INFO] [VideoLan4J/NativeDiscovery]: Searching on 'C:\Users\bramb\AppData\Local\Temp\watermedia\videolan'
[20Aug2026 19:14:05.755] [modloading-worker-0/INFO] [VideoLan4J/NativeDiscovery]: Setting plugins path to 'C:\Users\bramb\AppData\Local\Temp\watermedia\videolan\plugins'
[20Aug2026 19:14:05.776] [modloading-worker-0/INFO] [VideoLan4J/NativeDiscovery]: Founded VLC binaries in 'C:\Users\bramb\AppData\Local\Temp\watermedia\videolan' using 'WaterMedia Provider', running test...
[20Aug2026 19:14:05.978] [modloading-worker-0/WARN] [patchouli/]: Could not locate JEI keybindings, lookups in books may not work
[20Aug2026 19:14:06.090] [modloading-worker-0/INFO] [net.fabricmc.fabric.impl.client.indigo.Indigo/]: [Indigo] Different rendering plugin detected; not applying Indigo.
[20Aug2026 19:14:06.154] [modloading-worker-0/INFO] [VideoLan4J/NativeDiscovery]: VLC test instance created successfully
[20Aug2026 19:14:06.154] [modloading-worker-0/INFO] [VideoLan4J/NativeDiscovery]: Successfully loaded VLC 3.0.18 Vetinari in 'C:\Users\bramb\AppData\Local\Temp\watermedia\videolan' using 'WaterMedia Provider'
[20Aug2026 19:14:06.207] [modloading-worker-0/INFO] [STDOUT/]: [codx.codxlib.CodxLibMod:commonInit:46]: codxlib: common init complete (v1.5.0).
[20Aug2026 19:14:06.393] [modloading-worker-0/INFO] [watermedia/PlayerAPI]: Created new VLC instance with ID 'watermedia:default' with args: '[--no-quiet, --cr-average=5000, --swscale-mode=0, --network-synchronisation, --network-caching=1000, --live-caching=1000, --file-caching=1000, --aout, directsound,waveout,mmdevice, --vout, direct3d11,glwin32,gl,any, --avcodec-skip-idct=4, --avcodec-fast, --avcodec-hw, d3d11va,dxva2,any, --no-metadata-network-access, --no-file-logging, --http-reconnect]'
[20Aug2026 19:14:06.397] [modloading-worker-0/INFO] [watermedia/PlayerAPI]: Created new VLC instance with ID 'watermedia:sound_only' with args: '[--no-quiet, --cr-average=5000, --swscale-mode=0, --network-synchronisation, --network-caching=1000, --live-caching=1000, --file-caching=1000, --aout, directsound,waveout,mmdevice, --vout, direct3d11,glwin32,gl,any, --avcodec-skip-idct=4, --avcodec-fast, --avcodec-hw, d3d11va,dxva2,any, --no-metadata-network-access, --no-file-logging, --http-reconnect, --vout=none]'
[20Aug2026 19:14:06.397] [modloading-worker-0/INFO] [watermedia/Bootstrap]: Module PlayerAPI loaded successfully
[20Aug2026 19:14:06.397] [modloading-worker-0/INFO] [watermedia/Bootstrap]: Starting ImageAPI
[20Aug2026 19:14:06.398] [modloading-worker-0/INFO] [watermedia/ImageAPI]: Loading image resources in a ImageRenderer instance
[20Aug2026 19:14:06.442] [modloading-worker-0/INFO] [STDOUT/]: [yalter.mousetweaks.Logger:Log:6]: [Mouse Tweaks] Main.initialize()
[20Aug2026 19:14:06.456] [modloading-worker-0/INFO] [STDOUT/]: [yalter.mousetweaks.Logger:Log:6]: [Mouse Tweaks] Initialized.
[20Aug2026 19:14:06.501] [modloading-worker-0/INFO] [mezz.jei.library.load.PluginCaller/]: Sending ConfigManager...
[20Aug2026 19:14:06.501] [modloading-worker-0/INFO] [thedarkcolour.kotlinforforge.neoforge.test.KotlinForForge/]: Kotlin For Forge Enabled!
[20Aug2026 19:14:06.508] [modloading-worker-0/INFO] [mezz.jei.library.load.PluginCaller/]: Sending ConfigManager took 5.335 milliseconds
[20Aug2026 19:14:06.582] [modloading-worker-0/INFO] [watermedia/Bootstrap]: Module ImageAPI loaded successfully
[20Aug2026 19:14:06.582] [modloading-worker-0/INFO] [watermedia/Bootstrap]: Starting RenderAPI
[20Aug2026 19:14:06.587] [modloading-worker-0/INFO] [watermedia/Bootstrap]: Module RenderAPI loaded successfully
[20Aug2026 19:14:06.588] [modloading-worker-0/INFO] [watermedia/Bootstrap]: Starting NetworkAPI
[20Aug2026 19:14:06.598] [modloading-worker-0/INFO] [watermedia/Bootstrap]: Module NetworkAPI loaded successfully
[20Aug2026 19:14:06.598] [modloading-worker-0/INFO] [watermedia/Bootstrap]: Setting up shutdown hook
[20Aug2026 19:14:06.599] [modloading-worker-0/INFO] [watermedia/Bootstrap]: Startup finished
[20Aug2026 19:14:06.599] [modloading-worker-0/INFO] [watermedia/Bootstrap]: Are you ready for trouble?
[20Aug2026 19:14:06.629] [modloading-worker-0/INFO] [xaero.hud.minimap.MinimapLogs/]: Xaero's Minimap: World Map found!
[20Aug2026 19:14:06.629] [modloading-worker-0/INFO] [xaero.hud.minimap.MinimapLogs/]: No Optifine!
[20Aug2026 19:14:06.629] [modloading-worker-0/INFO] [xaero.hud.minimap.MinimapLogs/]: Xaero's Minimap: No Vivecraft!
[20Aug2026 19:14:06.631] [modloading-worker-0/INFO] [xaero.hud.minimap.MinimapLogs/]: Xaero's Minimap: Iris found!
[20Aug2026 19:14:06.644] [modloading-worker-0/INFO] [xaero.hud.minimap.MinimapLogs/]: Xaero's Minimap: Waystones found!
[20Aug2026 19:14:06.733] [modloading-worker-0/INFO] [CodecUI/]: Codec construction mixins inactive (Codec, MapCodec, RecordCodecBuilder) - expected on NeoForge; using reflective schema inference (numeric ranges recovered, optional-field defaults not).
[20Aug2026 19:14:06.916] [modloading-worker-0/INFO] [xaero.common.HudMod/]: Registering common data for channel xaerominimap:main!
[20Aug2026 19:14:06.975] [modloading-worker-0/INFO] [io.github.ildimas.createdelivery.CreateDeliveryRequired/]: Create Aeronautics: Delivery Required LDLib2 integration loaded
[20Aug2026 19:14:06.977] [modloading-worker-0/INFO] [io.github.ildimas.createdelivery.CreateDeliveryRequired/]: LDLib2 integration initialized for createdeliveryrequired
[20Aug2026 19:14:07.016] [modloading-worker-0/INFO] [xaero.common.HudMod/]: Registering client data for channel xaerominimap:main!
[20Aug2026 19:14:07.101] [modloading-worker-0/INFO] [xaero.common.HudMod/]: Loading primary common config for channel xaerominimap:main!
[20Aug2026 19:14:07.109] [modloading-worker-0/INFO] [xaero.common.HudMod/]: Loading server config profiles for channel xaerominimap:main!
[20Aug2026 19:14:07.117] [modloading-worker-0/INFO] [xaero.common.HudMod/]: Loading primary client config for channel xaerominimap:main!
[20Aug2026 19:14:07.121] [modloading-worker-0/INFO] [xaero.common.HudMod/]: Loading client config profiles for channel xaerominimap:main!
[20Aug2026 19:14:07.126] [modloading-worker-0/INFO] [xaero.map.WorldMap/]: Registering common data for channel xaeroworldmap:main!
[20Aug2026 19:14:07.139] [modloading-worker-0/INFO] [xaero.map.WorldMap/]: Registering client data for channel xaeroworldmap:main!
[20Aug2026 19:14:07.175] [modloading-worker-0/INFO] [xaero.map.WorldMap/]: Loading primary common config for channel xaeroworldmap:main!
[20Aug2026 19:14:07.182] [modloading-worker-0/INFO] [xaero.map.WorldMap/]: Loading server config profiles for channel xaeroworldmap:main!
[20Aug2026 19:14:07.186] [modloading-worker-0/INFO] [xaero.map.WorldMap/]: Loading primary client config for channel xaeroworldmap:main!
[20Aug2026 19:14:07.198] [modloading-worker-0/INFO] [xaero.map.WorldMap/]: Loading client config profiles for channel xaeroworldmap:main!
[20Aug2026 19:14:07.207] [modloading-worker-0/WARN] [mixin/]: @Inject(@At("INVOKE")) Shift.BY=2 on create_connected.mixins.json:sequencedgearshift.SequencedGearshiftScreenMixin from mod create_connected::handler$elg000$create_connected$updateParamsOfRow exceeds the maximum allowed value: 0. Increase the value of maxShiftBy to suppress this warning.
[20Aug2026 19:14:07.300] [modloading-worker-0/WARN] [mixin/]: Method overwrite conflict for getBabyHeadScale in createdieselgenerators.mixins.json:AgeableListModelAccessor from mod createdieselgenerators, previously written by com.nukateam.ntgl.mixin.ntgl.client.AgeableListModelAccessor. Skipping method.
[20Aug2026 19:14:07.301] [modloading-worker-0/WARN] [mixin/]: Method overwrite conflict for getBabyYHeadOffset in createdieselgenerators.mixins.json:AgeableListModelAccessor from mod createdieselgenerators, previously written by com.nukateam.ntgl.mixin.ntgl.client.AgeableListModelAccessor. Skipping method.
[20Aug2026 19:14:07.301] [modloading-worker-0/WARN] [mixin/]: Method overwrite conflict for getBabyZHeadOffset in createdieselgenerators.mixins.json:AgeableListModelAccessor from mod createdieselgenerators, previously written by com.nukateam.ntgl.mixin.ntgl.client.AgeableListModelAccessor. Skipping method.
[20Aug2026 19:14:07.309] [modloading-worker-0/INFO] [Create: Numismatics/]: Create: Numismatics 1.0.20+neoforge-mc1.21.1 initializing! Create version: 6.0.10 on platform: NEOFORGE
[20Aug2026 19:14:07.315] [modloading-worker-0/INFO] [Create: Numismatics/]: Registering creative tabs for Create: Numismatics
[20Aug2026 19:14:07.348] [modloading-worker-0/INFO] [Create: Numismatics/]: Registering items for Create: Numismatics
[20Aug2026 19:14:07.437] [modloading-worker-0/INFO] [Create: Numismatics/]: Registering block entities for Create: Numismatics
[20Aug2026 19:14:07.437] [modloading-worker-0/INFO] [Create: Numismatics/]: Registering blocks for Create: Numismatics
[20Aug2026 19:14:07.459] [modloading-worker-0/INFO] [Create: Numismatics/]: Registering menu types for Create: Numismatics
[20Aug2026 19:14:07.466] [modloading-worker-0/INFO] [Create: Numismatics/]: Registering block tags for Create: Numismatics
[20Aug2026 19:14:07.466] [modloading-worker-0/INFO] [Create: Numismatics/]: Registering item tags for Create: Numismatics
[20Aug2026 19:14:07.470] [modloading-worker-0/INFO] [Create: Numismatics/]: Registering data components for Create: Numismatics
[20Aug2026 19:14:07.663] [modloading-worker-0/INFO] [Entity Texture Features/]: [ETF]: Modifying ETF Render State constructor because: for EMF
[20Aug2026 19:14:07.663] [modloading-worker-0/INFO] [traben.entity_model_features.EMF/]: Loading Entity Model Features, 90 =1.5707964!
[20Aug2026 19:14:07.830] [modloading-worker-0/INFO] [Entity Texture Features/]: Loading Entity Texture Features, why does no one download Solid Mobs :(
[20Aug2026 19:14:07.854] [modloading-worker-0/ERROR] [net.neoforged.fml.javafmlmod.FMLModContainer/LOADING]: Failed to create mod instance. ModID: cuffed, class com.lazrproductions.cuffed.CuffedMod
java.lang.NoSuchMethodError: 'void com.lazrproductions.lazrslib.common.config.LazrConfig.<init>(java.lang.String, net.neoforged.fml.config.ModConfig$Type)'
	at TRANSFORMER/cuffed@1.3.16/com.lazrproductions.cuffed.config.CuffedServerConfig.<init>(CuffedServerConfig.java:12) ~[Cuffed-PORT-1.21.1-1.3.16.jar%23476!/:1.3.16]
	at TRANSFORMER/cuffed@1.3.16/com.lazrproductions.cuffed.CuffedMod.<clinit>(CuffedMod.java:83) ~[?:?]
	at java.base/jdk.internal.misc.Unsafe.ensureClassInitialized0(Native Method) ~[?:?]
	at java.base/jdk.internal.misc.Unsafe.ensureClassInitialized(Unsafe.java:1160) ~[?:?]
	at java.base/jdk.internal.reflect.MethodHandleAccessorFactory.ensureClassInitialized(MethodHandleAccessorFactory.java:301) ~[?:?]
	at java.base/jdk.internal.reflect.MethodHandleAccessorFactory.newConstructorAccessor(MethodHandleAccessorFactory.java:104) ~[?:?]
	at java.base/jdk.internal.reflect.ReflectionFactory.newConstructorAccessor(ReflectionFactory.java:200) ~[?:?]
	at java.base/java.lang.reflect.Constructor.acquireConstructorAccessor(Constructor.java:549) ~[?:?]
	at java.base/java.lang.reflect.Constructor.newInstanceWithCaller(Constructor.java:499) ~[?:?]
	at java.base/java.lang.reflect.Constructor.newInstance(Constructor.java:486) ~[?:?]
	at MC-BOOTSTRAP/fml_loader@4.0.43/net.neoforged.fml.javafmlmod.FMLModContainer.constructMod(FMLModContainer.java:122) ~[loader-4.0.43.jar%23107!/:4.0]
	at MC-BOOTSTRAP/fml_loader@4.0.43/net.neoforged.fml.ModLoader.lambda$constructMods$3(ModLoader.java:153) ~[loader-4.0.43.jar%23107!/:4.0]
	at MC-BOOTSTRAP/fml_loader@4.0.43/net.neoforged.fml.ModLoader.lambda$dispatchParallelTask$7(ModLoader.java:231) ~[loader-4.0.43.jar%23107!/:4.0]
	at java.base/java.util.concurrent.CompletableFuture.uniHandle(CompletableFuture.java:934) [?:?]
	at java.base/java.util.concurrent.CompletableFuture$UniHandle.tryFire(CompletableFuture.java:911) [?:?]
	at java.base/java.util.concurrent.CompletableFuture$Completion.exec(CompletableFuture.java:483) [?:?]
	at java.base/java.util.concurrent.ForkJoinTask.doExec(ForkJoinTask.java:387) [?:?]
	at java.base/java.util.concurrent.ForkJoinPool$WorkQueue.topLevelExec(ForkJoinPool.java:1312) [?:?]
	at java.base/java.util.concurrent.ForkJoinPool.scan(ForkJoinPool.java:1843) [?:?]
	at java.base/java.util.concurrent.ForkJoinPool.runWorker(ForkJoinPool.java:1808) [?:?]
	at java.base/java.util.concurrent.ForkJoinWorkerThread.run(ForkJoinWorkerThread.java:188) [?:?]
[20Aug2026 19:14:07.944] [modloading-worker-0/INFO] [Entity Texture Features/]: [ETF]: 6 new ETF Random Properties registered by entity_model_features
[20Aug2026 19:14:07.997] [modloading-worker-0/INFO] [com.envarcade.sauce_delight.SauceDelight/]: Sauce Delight initialized!
[20Aug2026 19:14:08.001] [modloading-worker-0/INFO] [Underground Village/]: Hello NeoForge world!
[20Aug2026 19:14:08.005] [modloading-worker-0/WARN] [dev.elrol.createalchemy.CreateAlchemy/]: Creating Alchemy
[20Aug2026 19:14:08.025] [modloading-worker-0/INFO] [STDOUT/]: [com.reggarf.mods.better_lib.config.core.BetterConfigManager:save:153]: [BetterConfigManager] Saved config: config\underground_village\common.json
[20Aug2026 19:14:08.026] [modloading-worker-0/INFO] [com.cupboard.Cupboard/]: Loaded config for: cupboard.json
[20Aug2026 19:14:08.068] [modloading-worker-0/INFO] [owo/]: chyzman: No sound or Ender Dragon leakage. Although Ender Dragon sound leakage is still a thing
[20Aug2026 19:14:08.110] [modloading-worker-0/WARN] [mixin/]: Discarding @Unique public method rotate in copycats-neoforge.mixins.json:foundation.copycat.CopycatBlockMixin from mod copycats because it already exists in com.copycatsplus.copycats.content.copycat.door.CopycatDoorBlock
[20Aug2026 19:14:08.110] [modloading-worker-0/WARN] [mixin/]: Discarding @Unique public method mirror in copycats-neoforge.mixins.json:foundation.copycat.CopycatBlockMixin from mod copycats because it already exists in com.copycatsplus.copycats.content.copycat.door.CopycatDoorBlock
[20Aug2026 19:14:08.110] [modloading-worker-0/WARN] [mixin/]: Discarding @Unique public method useItemOn in copycats-neoforge.mixins.json:foundation.copycat.CopycatBlockMixin from mod copycats because it already exists in com.copycatsplus.copycats.content.copycat.door.CopycatDoorBlock
[20Aug2026 19:14:08.110] [modloading-worker-0/WARN] [mixin/]: Discarding @Unique public method useWithoutItem in copycats-neoforge.mixins.json:foundation.copycat.CopycatBlockMixin from mod copycats because it already exists in com.copycatsplus.copycats.content.copycat.door.CopycatDoorBlock
[20Aug2026 19:14:08.116] [modloading-worker-0/WARN] [mixin/]: Discarding @Unique public method rotate in copycats-neoforge.mixins.json:foundation.copycat.CopycatBlockMixin from mod copycats because it already exists in com.copycatsplus.copycats.content.copycat.fluid_pipe.CopycatGlassFluidPipeBlock
[20Aug2026 19:14:08.116] [modloading-worker-0/WARN] [mixin/]: Discarding @Unique public method mirror in copycats-neoforge.mixins.json:foundation.copycat.CopycatBlockMixin from mod copycats because it already exists in com.copycatsplus.copycats.content.copycat.fluid_pipe.CopycatGlassFluidPipeBlock
[20Aug2026 19:14:08.116] [modloading-worker-0/WARN] [mixin/]: Discarding @Unique public method useItemOn in copycats-neoforge.mixins.json:foundation.copycat.CopycatBlockMixin from mod copycats because it already exists in com.copycatsplus.copycats.content.copycat.fluid_pipe.CopycatGlassFluidPipeBlock
[20Aug2026 19:14:08.116] [modloading-worker-0/WARN] [mixin/]: Discarding @Unique public method useWithoutItem in copycats-neoforge.mixins.json:foundation.copycat.CopycatBlockMixin from mod copycats because it already exists in com.copycatsplus.copycats.content.copycat.fluid_pipe.CopycatGlassFluidPipeBlock
[20Aug2026 19:14:08.125] [modloading-worker-0/WARN] [mixin/]: Discarding @Unique public method rotate in copycats-neoforge.mixins.json:foundation.copycat.multistate.MultiStateCopycatBlockMixin from mod copycats because it already exists in com.copycatsplus.copycats.foundation.copycat.multistate.MultiStateCopycatBlock
[20Aug2026 19:14:08.125] [modloading-worker-0/WARN] [mixin/]: Discarding @Unique public method mirror in copycats-neoforge.mixins.json:foundation.copycat.multistate.MultiStateCopycatBlockMixin from mod copycats because it already exists in com.copycatsplus.copycats.foundation.copycat.multistate.MultiStateCopycatBlock
[20Aug2026 19:14:08.125] [modloading-worker-0/WARN] [mixin/]: Discarding @Unique public method useItemOn in copycats-neoforge.mixins.json:foundation.copycat.multistate.MultiStateCopycatBlockMixin from mod copycats because it already exists in com.copycatsplus.copycats.foundation.copycat.multistate.MultiStateCopycatBlock
[20Aug2026 19:14:08.125] [modloading-worker-0/WARN] [mixin/]: Discarding @Unique public method useWithoutItem in copycats-neoforge.mixins.json:foundation.copycat.multistate.MultiStateCopycatBlockMixin from mod copycats because it already exists in com.copycatsplus.copycats.foundation.copycat.multistate.MultiStateCopycatBlock
[20Aug2026 19:14:08.140] [modloading-worker-0/WARN] [mixin/]: Discarding @Unique public method rotate in copycats-neoforge.mixins.json:foundation.copycat.CopycatBlockMixin from mod copycats because it already exists in com.copycatsplus.copycats.content.copycat.sliding_door.CopycatSlidingDoorBlock
[20Aug2026 19:14:08.140] [modloading-worker-0/WARN] [mixin/]: Discarding @Unique public method mirror in copycats-neoforge.mixins.json:foundation.copycat.CopycatBlockMixin from mod copycats because it already exists in com.copycatsplus.copycats.content.copycat.sliding_door.CopycatSlidingDoorBlock
[20Aug2026 19:14:08.140] [modloading-worker-0/WARN] [mixin/]: Discarding @Unique public method useItemOn in copycats-neoforge.mixins.json:foundation.copycat.CopycatBlockMixin from mod copycats because it already exists in com.copycatsplus.copycats.content.copycat.sliding_door.CopycatSlidingDoorBlock
[20Aug2026 19:14:08.141] [modloading-worker-0/WARN] [mixin/]: Discarding @Unique public method useWithoutItem in copycats-neoforge.mixins.json:foundation.copycat.CopycatBlockMixin from mod copycats because it already exists in com.copycatsplus.copycats.content.copycat.sliding_door.CopycatSlidingDoorBlock
[20Aug2026 19:14:08.152] [modloading-worker-0/INFO] [KubeJS/]: Loading vanilla registries...
[20Aug2026 19:14:08.172] [modloading-worker-0/INFO] [KubeJS/]: Looking for KubeJS plugins...
[20Aug2026 19:14:08.174] [modloading-worker-0/WARN] [mixin/]: Discarding @Unique public method rotate in copycats-neoforge.mixins.json:foundation.copycat.CopycatBlockMixin from mod copycats because it already exists in com.copycatsplus.copycats.foundation.copycat.CCCopycatBlock
[20Aug2026 19:14:08.174] [modloading-worker-0/WARN] [mixin/]: Discarding @Unique public method mirror in copycats-neoforge.mixins.json:foundation.copycat.CopycatBlockMixin from mod copycats because it already exists in com.copycatsplus.copycats.foundation.copycat.CCCopycatBlock
[20Aug2026 19:14:08.174] [modloading-worker-0/WARN] [mixin/]: Discarding @Unique public method useItemOn in copycats-neoforge.mixins.json:foundation.copycat.CopycatBlockMixin from mod copycats because it already exists in com.copycatsplus.copycats.foundation.copycat.CCCopycatBlock
[20Aug2026 19:14:08.174] [modloading-worker-0/WARN] [mixin/]: Discarding @Unique public method useWithoutItem in copycats-neoforge.mixins.json:foundation.copycat.CopycatBlockMixin from mod copycats because it already exists in com.copycatsplus.copycats.foundation.copycat.CCCopycatBlock
[20Aug2026 19:14:08.175] [modloading-worker-0/INFO] [xaero.lib.XaeroLib/]: Registering common data for channel xaerolib:main!
[20Aug2026 19:14:08.178] [modloading-worker-0/INFO] [xaero.lib.XaeroLib/]: Registering client data for channel xaerolib:main!
[20Aug2026 19:14:08.179] [modloading-worker-0/INFO] [KubeJS/]: Found plugin source kubejs
[20Aug2026 19:14:08.180] [modloading-worker-0/INFO] [xaero.lib.XaeroLib/]: Loading primary common config for channel xaerolib:main!
[20Aug2026 19:14:08.185] [modloading-worker-0/INFO] [xaero.lib.XaeroLib/]: Loading server config profiles for channel xaerolib:main!
[20Aug2026 19:14:08.186] [modloading-worker-0/WARN] [mixin/]: Discarding @Unique public method useItemOn in copycats-common.mixins.json:copycat.step.CopycatStepBlockMixin from mod copycats because it already exists in com.simibubi.create.content.decoration.copycat.CopycatStepBlock
[20Aug2026 19:14:08.186] [modloading-worker-0/INFO] [STDOUT/]: [dev.tr7zw.trender.gui.impl.client.LibGuiClient:onInitializeClient:37]: [TRender] Initializing Client...
[20Aug2026 19:14:08.190] [modloading-worker-0/INFO] [xaero.lib.XaeroLib/]: Loading primary client config for channel xaerolib:main!
[20Aug2026 19:14:08.194] [modloading-worker-0/INFO] [xaero.lib.XaeroLib/]: Loading client config profiles for channel xaerolib:main!
[20Aug2026 19:14:08.200] [modloading-worker-0/WARN] [mixin/]: Discarding @Unique public method onLoad in copycats-common.mixins.json:foundation.copycat.CopycatBlockEntityMixin from mod copycats because it already exists in com.simibubi.create.content.decoration.copycat.CopycatBlockEntity
[20Aug2026 19:14:08.213] [modloading-worker-0/WARN] [mixin/]: Discarding @Unique public method useItemOn in copycats-common.mixins.json:copycat.panel.CopycatPanelBlockMixin from mod copycats because it already exists in com.simibubi.create.content.decoration.copycat.CopycatPanelBlock
[20Aug2026 19:14:08.213] [modloading-worker-0/INFO] [KubeJS/]: Found plugin source createdieselgenerators
[20Aug2026 19:14:08.213] [modloading-worker-0/WARN] [mixin/]: Discarding @Unique public method mirror in copycats-common.mixins.json:copycat.panel.CopycatPanelBlockMixin from mod copycats because it already exists in com.simibubi.create.content.decoration.copycat.CopycatPanelBlock
[20Aug2026 19:14:08.213] [modloading-worker-0/WARN] [mixin/]: Discarding @Unique public method rotate in copycats-common.mixins.json:copycat.panel.CopycatPanelBlockMixin from mod copycats because it already exists in com.simibubi.create.content.decoration.copycat.CopycatPanelBlock
[20Aug2026 19:14:08.250] [modloading-worker-0/INFO] [KubeJS/]: Found plugin source ldlib2
[20Aug2026 19:14:08.254] [modloading-worker-0/INFO] [KubeJS/]: Found plugin source ponderjs
[20Aug2026 19:14:08.259] [modloading-worker-0/INFO] [KubeJS/]: Done in 82.75 ms
[20Aug2026 19:14:08.273] [modloading-worker-0/WARN] [mixin/]: Discarding @Unique public method rotate in copycats-neoforge.mixins.json:foundation.copycat.CopycatBlockMixin from mod copycats because it already exists in com.copycatsplus.copycats.content.copycat.button.CopycatButtonBlock
[20Aug2026 19:14:08.273] [modloading-worker-0/WARN] [mixin/]: Discarding @Unique public method mirror in copycats-neoforge.mixins.json:foundation.copycat.CopycatBlockMixin from mod copycats because it already exists in com.copycatsplus.copycats.content.copycat.button.CopycatButtonBlock
[20Aug2026 19:14:08.273] [modloading-worker-0/WARN] [mixin/]: Discarding @Unique public method useItemOn in copycats-neoforge.mixins.json:foundation.copycat.CopycatBlockMixin from mod copycats because it already exists in com.copycatsplus.copycats.content.copycat.button.CopycatButtonBlock
[20Aug2026 19:14:08.273] [modloading-worker-0/WARN] [mixin/]: Discarding @Unique public method useWithoutItem in copycats-neoforge.mixins.json:foundation.copycat.CopycatBlockMixin from mod copycats because it already exists in com.copycatsplus.copycats.content.copycat.button.CopycatButtonBlock
[20Aug2026 19:14:08.313] [modloading-worker-0/WARN] [mixin/]: Discarding @Unique public method rotate in copycats-neoforge.mixins.json:foundation.copycat.CopycatBlockMixin from mod copycats because it already exists in com.copycatsplus.copycats.content.copycat.fence.CopycatFenceBlock
[20Aug2026 19:14:08.314] [modloading-worker-0/WARN] [mixin/]: Discarding @Unique public method mirror in copycats-neoforge.mixins.json:foundation.copycat.CopycatBlockMixin from mod copycats because it already exists in com.copycatsplus.copycats.content.copycat.fence.CopycatFenceBlock
[20Aug2026 19:14:08.314] [modloading-worker-0/WARN] [mixin/]: Discarding @Unique public method useItemOn in copycats-neoforge.mixins.json:foundation.copycat.CopycatBlockMixin from mod copycats because it already exists in com.copycatsplus.copycats.content.copycat.fence.CopycatFenceBlock
[20Aug2026 19:14:08.314] [modloading-worker-0/WARN] [mixin/]: Discarding @Unique public method useWithoutItem in copycats-neoforge.mixins.json:foundation.copycat.CopycatBlockMixin from mod copycats because it already exists in com.copycatsplus.copycats.content.copycat.fence.CopycatFenceBlock
[20Aug2026 19:14:08.333] [modloading-worker-0/WARN] [mixin/]: Discarding @Unique public method rotate in copycats-neoforge.mixins.json:foundation.copycat.CopycatBlockMixin from mod copycats because it already exists in com.copycatsplus.copycats.content.copycat.fence_gate.CopycatFenceGateBlock
[20Aug2026 19:14:08.333] [modloading-worker-0/WARN] [mixin/]: Discarding @Unique public method mirror in copycats-neoforge.mixins.json:foundation.copycat.CopycatBlockMixin from mod copycats because it already exists in com.copycatsplus.copycats.content.copycat.fence_gate.CopycatFenceGateBlock
[20Aug2026 19:14:08.333] [modloading-worker-0/WARN] [mixin/]: Discarding @Unique public method useItemOn in copycats-neoforge.mixins.json:foundation.copycat.CopycatBlockMixin from mod copycats because it already exists in com.copycatsplus.copycats.content.copycat.fence_gate.CopycatFenceGateBlock
[20Aug2026 19:14:08.333] [modloading-worker-0/WARN] [mixin/]: Discarding @Unique public method useWithoutItem in copycats-neoforge.mixins.json:foundation.copycat.CopycatBlockMixin from mod copycats because it already exists in com.copycatsplus.copycats.content.copycat.fence_gate.CopycatFenceGateBlock
[20Aug2026 19:14:08.399] [modloading-worker-0/WARN] [mixin/]: Discarding @Unique public method rotate in copycats-neoforge.mixins.json:foundation.copycat.CopycatBlockMixin from mod copycats because it already exists in com.copycatsplus.copycats.content.copycat.ladder.CopycatLadderBlock
[20Aug2026 19:14:08.399] [modloading-worker-0/WARN] [mixin/]: Discarding @Unique public method mirror in copycats-neoforge.mixins.json:foundation.copycat.CopycatBlockMixin from mod copycats because it already exists in com.copycatsplus.copycats.content.copycat.ladder.CopycatLadderBlock
[20Aug2026 19:14:08.399] [modloading-worker-0/WARN] [mixin/]: Discarding @Unique public method useItemOn in copycats-neoforge.mixins.json:foundation.copycat.CopycatBlockMixin from mod copycats because it already exists in com.copycatsplus.copycats.content.copycat.ladder.CopycatLadderBlock
[20Aug2026 19:14:08.399] [modloading-worker-0/WARN] [mixin/]: Discarding @Unique public method useWithoutItem in copycats-neoforge.mixins.json:foundation.copycat.CopycatBlockMixin from mod copycats because it already exists in com.copycatsplus.copycats.content.copycat.ladder.CopycatLadderBlock
[20Aug2026 19:14:08.423] [modloading-worker-0/WARN] [mixin/]: Discarding @Unique public method rotate in copycats-neoforge.mixins.json:foundation.copycat.CopycatBlockMixin from mod copycats because it already exists in com.copycatsplus.copycats.content.copycat.pressure_plate.CopycatPressurePlateBlock
[20Aug2026 19:14:08.423] [modloading-worker-0/WARN] [mixin/]: Discarding @Unique public method mirror in copycats-neoforge.mixins.json:foundation.copycat.CopycatBlockMixin from mod copycats because it already exists in com.copycatsplus.copycats.content.copycat.pressure_plate.CopycatPressurePlateBlock
[20Aug2026 19:14:08.423] [modloading-worker-0/WARN] [mixin/]: Discarding @Unique public method useItemOn in copycats-neoforge.mixins.json:foundation.copycat.CopycatBlockMixin from mod copycats because it already exists in com.copycatsplus.copycats.content.copycat.pressure_plate.CopycatPressurePlateBlock
[20Aug2026 19:14:08.423] [modloading-worker-0/WARN] [mixin/]: Discarding @Unique public method useWithoutItem in copycats-neoforge.mixins.json:foundation.copycat.CopycatBlockMixin from mod copycats because it already exists in com.copycatsplus.copycats.content.copycat.pressure_plate.CopycatPressurePlateBlock
[20Aug2026 19:14:08.438] [modloading-worker-0/WARN] [mixin/]: Discarding @Unique public method rotate in copycats-neoforge.mixins.json:foundation.copycat.CopycatBlockMixin from mod copycats because it already exists in com.copycatsplus.copycats.content.copycat.pressure_plate.CopycatWeightedPressurePlate
[20Aug2026 19:14:08.438] [modloading-worker-0/WARN] [mixin/]: Discarding @Unique public method mirror in copycats-neoforge.mixins.json:foundation.copycat.CopycatBlockMixin from mod copycats because it already exists in com.copycatsplus.copycats.content.copycat.pressure_plate.CopycatWeightedPressurePlate
[20Aug2026 19:14:08.438] [modloading-worker-0/WARN] [mixin/]: Discarding @Unique public method useItemOn in copycats-neoforge.mixins.json:foundation.copycat.CopycatBlockMixin from mod copycats because it already exists in com.copycatsplus.copycats.content.copycat.pressure_plate.CopycatWeightedPressurePlate
[20Aug2026 19:14:08.438] [modloading-worker-0/WARN] [mixin/]: Discarding @Unique public method useWithoutItem in copycats-neoforge.mixins.json:foundation.copycat.CopycatBlockMixin from mod copycats because it already exists in com.copycatsplus.copycats.content.copycat.pressure_plate.CopycatWeightedPressurePlate
[20Aug2026 19:14:08.449] [modloading-worker-0/INFO] [net.blay09.mods.balm.neoforge.config.NeoForgeBalmConfig/]: Registering config for waystones:common (COMMON) with 38 properties.
[20Aug2026 19:14:08.468] [modloading-worker-0/WARN] [mixin/]: Discarding @Unique public method rotate in copycats-neoforge.mixins.json:foundation.copycat.CopycatBlockMixin from mod copycats because it already exists in com.copycatsplus.copycats.content.copycat.stairs.CopycatStairsBlock
[20Aug2026 19:14:08.468] [modloading-worker-0/WARN] [mixin/]: Discarding @Unique public method mirror in copycats-neoforge.mixins.json:foundation.copycat.CopycatBlockMixin from mod copycats because it already exists in com.copycatsplus.copycats.content.copycat.stairs.CopycatStairsBlock
[20Aug2026 19:14:08.468] [modloading-worker-0/WARN] [mixin/]: Discarding @Unique public method useItemOn in copycats-neoforge.mixins.json:foundation.copycat.CopycatBlockMixin from mod copycats because it already exists in com.copycatsplus.copycats.content.copycat.stairs.CopycatStairsBlock
[20Aug2026 19:14:08.468] [modloading-worker-0/WARN] [mixin/]: Discarding @Unique public method useWithoutItem in copycats-neoforge.mixins.json:foundation.copycat.CopycatBlockMixin from mod copycats because it already exists in com.copycatsplus.copycats.content.copycat.stairs.CopycatStairsBlock
[20Aug2026 19:14:08.494] [modloading-worker-0/WARN] [mixin/]: Discarding @Unique public method rotate in copycats-neoforge.mixins.json:foundation.copycat.CopycatBlockMixin from mod copycats because it already exists in com.copycatsplus.copycats.content.copycat.trapdoor.CopycatTrapdoorBlock
[20Aug2026 19:14:08.494] [modloading-worker-0/WARN] [mixin/]: Discarding @Unique public method mirror in copycats-neoforge.mixins.json:foundation.copycat.CopycatBlockMixin from mod copycats because it already exists in com.copycatsplus.copycats.content.copycat.trapdoor.CopycatTrapdoorBlock
[20Aug2026 19:14:08.494] [modloading-worker-0/WARN] [mixin/]: Discarding @Unique public method useItemOn in copycats-neoforge.mixins.json:foundation.copycat.CopycatBlockMixin from mod copycats because it already exists in com.copycatsplus.copycats.content.copycat.trapdoor.CopycatTrapdoorBlock
[20Aug2026 19:14:08.494] [modloading-worker-0/WARN] [mixin/]: Discarding @Unique public method useWithoutItem in copycats-neoforge.mixins.json:foundation.copycat.CopycatBlockMixin from mod copycats because it already exists in com.copycatsplus.copycats.content.copycat.trapdoor.CopycatTrapdoorBlock
[20Aug2026 19:14:08.502] [modloading-worker-0/INFO] [DragonLib Networking System/]: Registering C2S network packet of type SEND with id 'update_writable_sign' in 'dragonlib:network'.
[20Aug2026 19:14:08.512] [modloading-worker-0/INFO] [DragonLib Networking System/]: Registering C2S network packet of type SEND with id 'string_message' in 'dragonlib:network_test'.
[20Aug2026 19:14:08.515] [modloading-worker-0/INFO] [DragonLib Networking System/]: Registering C2S network packet of type SEND_AND_RECEIVE with id 'test_msg' in 'dragonlib:network_test'.
[20Aug2026 19:14:08.524] [modloading-worker-0/WARN] [mixin/]: Discarding @Unique public method rotate in copycats-neoforge.mixins.json:foundation.copycat.CopycatBlockMixin from mod copycats because it already exists in com.copycatsplus.copycats.content.copycat.wall.CopycatWallBlock
[20Aug2026 19:14:08.524] [modloading-worker-0/WARN] [mixin/]: Discarding @Unique public method mirror in copycats-neoforge.mixins.json:foundation.copycat.CopycatBlockMixin from mod copycats because it already exists in com.copycatsplus.copycats.content.copycat.wall.CopycatWallBlock
[20Aug2026 19:14:08.524] [modloading-worker-0/WARN] [mixin/]: Discarding @Unique public method useItemOn in copycats-neoforge.mixins.json:foundation.copycat.CopycatBlockMixin from mod copycats because it already exists in com.copycatsplus.copycats.content.copycat.wall.CopycatWallBlock
[20Aug2026 19:14:08.524] [modloading-worker-0/WARN] [mixin/]: Discarding @Unique public method useWithoutItem in copycats-neoforge.mixins.json:foundation.copycat.CopycatBlockMixin from mod copycats because it already exists in com.copycatsplus.copycats.content.copycat.wall.CopycatWallBlock
[20Aug2026 19:14:08.543] [modloading-worker-0/INFO] [DragonLib/]: Starting the setup of DragonLib...
[20Aug2026 19:14:08.559] [Mountain Dragon/INFO] [DragonLib/]:                              +++ 🐉 +++                             
[20Aug2026 19:14:08.560] [Mountain Dragon/INFO] [DragonLib/]: ---------------------------------------------------------------------
[20Aug2026 19:14:08.560] [Mountain Dragon/INFO] [DragonLib/]:           Loaded DragonLib v1.21.1-beta-3.0.23 by MrJulsen!          
[20Aug2026 19:14:08.560] [Mountain Dragon/INFO] [DragonLib/]:                     Minecraft Forge Client 1.21.1                    
[20Aug2026 19:14:08.560] [Mountain Dragon/INFO] [DragonLib/]: 
[20Aug2026 19:14:08.560] [Mountain Dragon/INFO] [DragonLib/]:                 Discord: https://server.mrjulsen.net                
[20Aug2026 19:14:08.560] [Mountain Dragon/INFO] [DragonLib/]:                            GitHub: unknown                           
[20Aug2026 19:14:08.561] [Mountain Dragon/INFO] [DragonLib/]:   Bug Reports: https://github.com/MisterJulsen/MC-DragonLib2/issues  
[20Aug2026 19:14:08.561] [Mountain Dragon/INFO] [DragonLib/]: ---------------------------------------------------------------------
[20Aug2026 19:14:08.561] [Mountain Dragon/INFO] [DragonLib/]:                              +++ 🐉 +++                             
[20Aug2026 19:14:08.565] [modloading-worker-0/WARN] [mixin/]: Discarding @Unique public method rotate in copycats-neoforge.mixins.json:foundation.copycat.CopycatBlockMixin from mod copycats because it already exists in com.copycatsplus.copycats.content.copycat.shaft.CopycatShaftBlock
[20Aug2026 19:14:08.565] [modloading-worker-0/WARN] [mixin/]: Discarding @Unique public method mirror in copycats-neoforge.mixins.json:foundation.copycat.CopycatBlockMixin from mod copycats because it already exists in com.copycatsplus.copycats.content.copycat.shaft.CopycatShaftBlock
[20Aug2026 19:14:08.565] [modloading-worker-0/WARN] [mixin/]: Discarding @Unique public method useItemOn in copycats-neoforge.mixins.json:foundation.copycat.CopycatBlockMixin from mod copycats because it already exists in com.copycatsplus.copycats.content.copycat.shaft.CopycatShaftBlock
[20Aug2026 19:14:08.565] [modloading-worker-0/WARN] [mixin/]: Discarding @Unique public method useWithoutItem in copycats-neoforge.mixins.json:foundation.copycat.CopycatBlockMixin from mod copycats because it already exists in com.copycatsplus.copycats.content.copycat.shaft.CopycatShaftBlock
[20Aug2026 19:14:08.585] [modloading-worker-0/WARN] [mixin/]: Discarding @Unique public method rotate in copycats-neoforge.mixins.json:foundation.copycat.multistate.MultiStateCopycatBlockMixin from mod copycats because it already exists in com.copycatsplus.copycats.content.copycat.cogwheel.CopycatCogWheelBlock
[20Aug2026 19:14:08.585] [modloading-worker-0/WARN] [mixin/]: Discarding @Unique public method mirror in copycats-neoforge.mixins.json:foundation.copycat.multistate.MultiStateCopycatBlockMixin from mod copycats because it already exists in com.copycatsplus.copycats.content.copycat.cogwheel.CopycatCogWheelBlock
[20Aug2026 19:14:08.585] [modloading-worker-0/WARN] [mixin/]: Discarding @Unique public method useItemOn in copycats-neoforge.mixins.json:foundation.copycat.multistate.MultiStateCopycatBlockMixin from mod copycats because it already exists in com.copycatsplus.copycats.content.copycat.cogwheel.CopycatCogWheelBlock
[20Aug2026 19:14:08.585] [modloading-worker-0/WARN] [mixin/]: Discarding @Unique public method useWithoutItem in copycats-neoforge.mixins.json:foundation.copycat.multistate.MultiStateCopycatBlockMixin from mod copycats because it already exists in com.copycatsplus.copycats.content.copycat.cogwheel.CopycatCogWheelBlock
[20Aug2026 19:14:08.597] [modloading-worker-0/INFO] [com.happysg.radar.CreateRadar/]: Initializing Create Radar!
[20Aug2026 19:14:08.604] [modloading-worker-0/WARN] [mixin/]: Discarding @Unique public method rotate in copycats-neoforge.mixins.json:foundation.copycat.CopycatBlockMixin from mod copycats because it already exists in com.copycatsplus.copycats.content.copycat.fluid_pipe.CopycatFluidPipeBlock
[20Aug2026 19:14:08.604] [modloading-worker-0/WARN] [mixin/]: Discarding @Unique public method mirror in copycats-neoforge.mixins.json:foundation.copycat.CopycatBlockMixin from mod copycats because it already exists in com.copycatsplus.copycats.content.copycat.fluid_pipe.CopycatFluidPipeBlock
[20Aug2026 19:14:08.604] [modloading-worker-0/WARN] [mixin/]: Discarding @Unique public method useItemOn in copycats-neoforge.mixins.json:foundation.copycat.CopycatBlockMixin from mod copycats because it already exists in com.copycatsplus.copycats.content.copycat.fluid_pipe.CopycatFluidPipeBlock
[20Aug2026 19:14:08.604] [modloading-worker-0/WARN] [mixin/]: Discarding @Unique public method useWithoutItem in copycats-neoforge.mixins.json:foundation.copycat.CopycatBlockMixin from mod copycats because it already exists in com.copycatsplus.copycats.content.copycat.fluid_pipe.CopycatFluidPipeBlock
[20Aug2026 19:14:08.624] [modloading-worker-0/WARN] [mixin/]: Discarding @Unique public method rotate in copycats-neoforge.mixins.json:foundation.copycat.CopycatBlockMixin from mod copycats because it already exists in com.copycatsplus.copycats.content.copycat.pane.CopycatPaneBlock
[20Aug2026 19:14:08.625] [modloading-worker-0/WARN] [mixin/]: Discarding @Unique public method mirror in copycats-neoforge.mixins.json:foundation.copycat.CopycatBlockMixin from mod copycats because it already exists in com.copycatsplus.copycats.content.copycat.pane.CopycatPaneBlock
[20Aug2026 19:14:08.625] [modloading-worker-0/WARN] [mixin/]: Discarding @Unique public method useItemOn in copycats-neoforge.mixins.json:foundation.copycat.CopycatBlockMixin from mod copycats because it already exists in com.copycatsplus.copycats.content.copycat.pane.CopycatPaneBlock
[20Aug2026 19:14:08.625] [modloading-worker-0/WARN] [mixin/]: Discarding @Unique public method useWithoutItem in copycats-neoforge.mixins.json:foundation.copycat.CopycatBlockMixin from mod copycats because it already exists in com.copycatsplus.copycats.content.copycat.pane.CopycatPaneBlock
[20Aug2026 19:14:08.625] [modloading-worker-0/INFO] [com.happysg.radar.CreateRadar/]: Registering Items!
[20Aug2026 19:14:08.629] [modloading-worker-0/INFO] [DragonLib Networking System/]: Registering C2S network packet of type SEND with id 'send_platform_packet' in 'trainutilities:trainutilities_network'.
[20Aug2026 19:14:08.632] [modloading-worker-0/INFO] [DragonLib Networking System/]: Registering C2S network packet of type SEND with id 'send_change_door_sound_packet' in 'trainutilities:trainutilities_network'.
[20Aug2026 19:14:08.635] [modloading-worker-0/INFO] [coroutil/]: neo forge loader environment detected
[20Aug2026 19:14:08.664] [modloading-worker-0/WARN] [mixin/]: Discarding @Unique public method onLoad in copycats-neoforge.mixins.json:foundation.copycat.CopycatBlockEntityMixin from mod copycats because it already exists in com.copycatsplus.copycats.foundation.copycat.CCCopycatBlockEntity
[20Aug2026 19:14:08.671] [modloading-worker-0/WARN] [mixin/]: Discarding @Unique public method onLoad in copycats-neoforge.mixins.json:foundation.copycat.multistate.MultiStateCopycatBlockEntityMixin from mod copycats because it already exists in com.copycatsplus.copycats.foundation.copycat.multistate.MultiStateCopycatBlockEntity
[20Aug2026 19:14:08.679] [modloading-worker-0/WARN] [mixin/]: Discarding @Unique public method onLoad in copycats-neoforge.mixins.json:foundation.copycat.CopycatBlockEntityMixin from mod copycats because it already exists in com.copycatsplus.copycats.content.copycat.shaft.CopycatShaftBlockEntity
[20Aug2026 19:14:08.685] [modloading-worker-0/WARN] [mixin/]: Discarding @Unique public method onLoad in copycats-neoforge.mixins.json:foundation.copycat.multistate.MultiStateCopycatBlockEntityMixin from mod copycats because it already exists in com.copycatsplus.copycats.content.copycat.cogwheel.CopycatCogWheelBlockEntity
[20Aug2026 19:14:08.689] [modloading-worker-0/WARN] [mixin/]: Discarding @Unique public method onLoad in copycats-neoforge.mixins.json:foundation.copycat.CopycatBlockEntityMixin from mod copycats because it already exists in com.copycatsplus.copycats.content.copycat.fluid_pipe.CopycatFluidPipeBlockEntity
[20Aug2026 19:14:08.693] [modloading-worker-0/WARN] [mixin/]: Discarding @Unique public method onLoad in copycats-neoforge.mixins.json:foundation.copycat.CopycatBlockEntityMixin from mod copycats because it already exists in com.copycatsplus.copycats.content.copycat.fluid_pipe.CopycatStraightPipeBlockEntity
[20Aug2026 19:14:08.701] [modloading-worker-0/WARN] [mixin/]: Discarding @Unique public method onLoad in copycats-neoforge.mixins.json:foundation.copycat.CopycatBlockEntityMixin from mod copycats because it already exists in com.copycatsplus.copycats.content.copycat.sliding_door.CopycatSlidingDoorBlockEntity
[20Aug2026 19:14:08.702] [modloading-worker-0/INFO] [com.happysg.radar.CreateRadar/]: Registering blocks!
[20Aug2026 19:14:08.740] [modloading-worker-0/INFO] [STDOUT/]: [dev.elrol.arrow.modernelements.ModernElements:init:38]: ModernElements: Initializing ModernElements
[20Aug2026 19:14:08.746] [modloading-worker-0/INFO] [com.happysg.radar.CreateRadar/]: Registering block entity types!
[20Aug2026 19:14:08.750] [modloading-worker-0/INFO] [com.happysg.radar.CreateRadar/]: Registering CreativeTabs!
[20Aug2026 19:14:08.752] [modloading-worker-0/INFO] [com.happysg.radar.CreateRadar/]: Registering Lang!
[20Aug2026 19:14:08.783] [modloading-worker-0/INFO] [Create: Radiologistics/]: Initializing Create: Radiologistics...
[20Aug2026 19:14:08.802] [modloading-worker-0/INFO] [Better lib/]: Hello NeoForge world!
[20Aug2026 19:14:08.806] [modloading-worker-0/INFO] [org.admany.quantified.core.neoforge.QuantifiedCoreNeoForge/]: Configured LWJGL stack size to 64 MiB (67108864 bytes)
[20Aug2026 19:14:08.806] [modloading-worker-0/INFO] [org.admany.quantified.core.neoforge.QuantifiedCoreNeoForge/]: [Quantified] Quantified API starting
[20Aug2026 19:14:08.809] [modloading-worker-0/INFO] [STDOUT/]: [com.reggarf.mods.better_lib.demo.DemoConfig:onLoad:273]: [ExampleConfig] Loaded config!
[20Aug2026 19:14:08.810] [modloading-worker-0/INFO] [STDOUT/]: [com.reggarf.mods.better_lib.demo.DemoConfig:onSave:278]: [ExampleConfig] Saved config!
[20Aug2026 19:14:08.815] [modloading-worker-0/INFO] [STDOUT/]: [com.reggarf.mods.better_lib.config.core.BetterConfigManager:save:153]: [BetterConfigManager] Saved config: config\better_lib\common.json
[20Aug2026 19:14:08.820] [modloading-worker-0/ERROR] [com.reggarf.mods.better_lib.villagers.SimpleVillagerLib/]: [better_lib] JSON villager professions failed to load from '/data/better_lib/villagers' - code-defined professions are unaffected, but no JSON professions were registered this run
java.lang.NullPointerException: Cannot invoke "com.google.gson.JsonObject.has(String)" because "json" is null
	at TRANSFORMER/better_lib@1.0.111/com.reggarf.mods.better_lib.villagers.json.JsonVillagerLoader.requireString(JsonVillagerLoader.java:298) ~[better_lib-neoforge-1.21.1-1.0.111.jar%23411!/:1.0.111]
	at TRANSFORMER/better_lib@1.0.111/com.reggarf.mods.better_lib.villagers.json.JsonVillagerLoader.load(JsonVillagerLoader.java:187) ~[better_lib-neoforge-1.21.1-1.0.111.jar%23411!/:1.0.111]
	at TRANSFORMER/better_lib@1.0.111/com.reggarf.mods.better_lib.villagers.json.JsonVillagerLoader.loadAll(JsonVillagerLoader.java:174) ~[better_lib-neoforge-1.21.1-1.0.111.jar%23411!/:1.0.111]
	at TRANSFORMER/better_lib@1.0.111/com.reggarf.mods.better_lib.villagers.SimpleVillagerLib.loadJsonProfessions(SimpleVillagerLib.java:78) ~[better_lib-neoforge-1.21.1-1.0.111.jar%23411!/:1.0.111]
	at TRANSFORMER/better_lib@1.0.111/com.reggarf.mods.better_lib.CommonClass.init(CommonClass.java:26) ~[better_lib-neoforge-1.21.1-1.0.111.jar%23411!/:1.0.111]
	at TRANSFORMER/better_lib@1.0.111/com.reggarf.mods.better_lib.Better_lib_neoforge.<init>(Better_lib_neoforge.java:22) ~[better_lib-neoforge-1.21.1-1.0.111.jar%23411!/:1.0.111]
	at java.base/jdk.internal.reflect.DirectConstructorHandleAccessor.newInstance(DirectConstructorHandleAccessor.java:62) ~[?:?]
	at java.base/java.lang.reflect.Constructor.newInstanceWithCaller(Constructor.java:502) ~[?:?]
	at java.base/java.lang.reflect.Constructor.newInstance(Constructor.java:486) ~[?:?]
	at MC-BOOTSTRAP/fml_loader@4.0.43/net.neoforged.fml.javafmlmod.FMLModContainer.constructMod(FMLModContainer.java:122) ~[loader-4.0.43.jar%23107!/:4.0]
	at MC-BOOTSTRAP/fml_loader@4.0.43/net.neoforged.fml.ModLoader.lambda$constructMods$3(ModLoader.java:153) ~[loader-4.0.43.jar%23107!/:4.0]
	at MC-BOOTSTRAP/fml_loader@4.0.43/net.neoforged.fml.ModLoader.lambda$dispatchParallelTask$7(ModLoader.java:231) ~[loader-4.0.43.jar%23107!/:4.0]
	at java.base/java.util.concurrent.CompletableFuture.uniHandle(CompletableFuture.java:934) [?:?]
	at java.base/java.util.concurrent.CompletableFuture$UniHandle.tryFire(CompletableFuture.java:911) [?:?]
	at java.base/java.util.concurrent.CompletableFuture$Completion.exec(CompletableFuture.java:483) [?:?]
	at java.base/java.util.concurrent.ForkJoinTask.doExec(ForkJoinTask.java:387) [?:?]
	at java.base/java.util.concurrent.ForkJoinPool$WorkQueue.topLevelExec(ForkJoinPool.java:1312) [?:?]
	at java.base/java.util.concurrent.ForkJoinPool.scan(ForkJoinPool.java:1843) [?:?]
	at java.base/java.util.concurrent.ForkJoinPool.runWorker(ForkJoinPool.java:1808) [?:?]
	at java.base/java.util.concurrent.ForkJoinWorkerThread.run(ForkJoinWorkerThread.java:188) [?:?]
[20Aug2026 19:14:08.833] [modloading-worker-0/INFO] [org.admany.quantified.core.neoforge.QuantifiedCoreNeoForge/]: Loaded flat configuration from C:\Users\bramb\curseforge\minecraft\Instances\sience for meth forever test\config\QuantifiedAPI\quantified_config.json
[20Aug2026 19:14:08.842] [modloading-worker-0/INFO] [org.admany.quantified.core.neoforge.QuantifiedCoreNeoForge/]: Quantified GPU config: enabled=true, preferredBackend=VULKAN_PREFERRED, vulkanDevice=auto, openclDevice=auto, forceOpenCL=false
[20Aug2026 19:14:08.842] [modloading-worker-0/INFO] [org.admany.quantified.core.neoforge.QuantifiedCoreNeoForge/]: [Quantified] Quantified Core Starting
[20Aug2026 19:14:08.847] [modloading-worker-0/INFO] [dev.elrol.arrow.modernelements.registries.FormulaRegistry/]: ModernElements: Initializing Formula Registry 6516516815
[20Aug2026 19:14:08.848] [modloading-worker-0/INFO] [STDOUT/]: [dev.elrol.createalchemy.registries.CAFormulaRegistry:init:46]: Starting Formula INIT
[20Aug2026 19:14:08.849] [modloading-worker-0/INFO] [STDOUT/]: [dev.elrol.arrow.modernelements.registries.FormulaRegistry:registerFluid:101]: ModernElements register FluidFormula: minecraft:milk | In Map? true
[20Aug2026 19:14:08.849] [modloading-worker-0/INFO] [STDOUT/]: [dev.elrol.arrow.modernelements.registries.FormulaRegistry:registerFluid:101]: ModernElements register FluidFormula: minecraft:flowing_milk | In Map? true
[20Aug2026 19:14:08.850] [modloading-worker-0/INFO] [STDOUT/]: [dev.elrol.arrow.modernelements.registries.FormulaRegistry:registerFluid:101]: ModernElements register FluidFormula: minecraft:water | In Map? true
[20Aug2026 19:14:08.851] [modloading-worker-0/INFO] [STDOUT/]: [dev.elrol.arrow.modernelements.registries.FormulaRegistry:registerFluid:101]: ModernElements register FluidFormula: minecraft:flowing_water | In Map? true
[20Aug2026 19:14:08.853] [modloading-worker-0/INFO] [org.admany.quantified.core.neoforge.QuantifiedCoreNeoForge/]: Async scheduler configured with 4 foreground and 1 background threads (12 cores detected)
[20Aug2026 19:14:08.853] [modloading-worker-0/INFO] [org.admany.quantified.core.neoforge.QuantifiedCoreNeoForge/]: [Quantified] Quantified Async Pool Start
[20Aug2026 19:14:08.912] [modloading-worker-0/INFO] [org.admany.quantified.core.common.cache.disk.DiskCacheManager/]: Initialized disk cache at: C:\Users\bramb\curseforge\minecraft\Instances\sience for meth forever test\config\QuantifiedAPI\cache
[20Aug2026 19:14:08.915] [modloading-worker-0/INFO] [com.simibubi.create.Create/]: Create 6.0.10 initializing! Commit hash: ac0c444d9828da3453ae8cc65338e8de063286fb
[20Aug2026 19:14:08.943] [modloading-worker-0/INFO] [org.admany.quantified.core.neoforge.QuantifiedCoreNeoForge/]: OpenCL initialization deferred to background probe.
[20Aug2026 19:14:08.954] [modloading-worker-0/INFO] [org.admany.quantified.core.common.gpu.backend.VulkanProbeScheduler/]: Vulkan probe scheduler armed (maxAttempts=3, initialDelayMs=0, retryDelayMs=60000)
[20Aug2026 19:14:08.954] [modloading-worker-0/INFO] [org.admany.quantified.core.common.gpu.backend.VulkanProbeScheduler/]: Scheduling Vulkan probe attempt #1 (initial) in 0 ms
[20Aug2026 19:14:08.957] [modloading-worker-0/INFO] [org.admany.quantified.core.neoforge.QuantifiedCoreNeoForge/]: Vulkan initialization deferred to background probe (isolated bundled runtime for legacy Minecraft).
[20Aug2026 19:14:08.957] [Quantified-Vulkan-Probe-Scheduler/INFO] [org.admany.quantified.core.common.gpu.backend.VulkanProbeScheduler/]: Running Vulkan probe attempt #1 (initial)
[20Aug2026 19:14:08.957] [Quantified-Vulkan-Probe-Scheduler/INFO] [org.admany.quantified.core.common.gpu.backend.VulkanRuntime/]: [Vulkan][Probe 1] Reprobe requested on thread 'Quantified-Vulkan-Probe-Scheduler' (group=main')
[20Aug2026 19:14:08.958] [Quantified-Vulkan-Probe-Scheduler/INFO] [org.admany.quantified.core.common.gpu.backend.VulkanRuntime/]: [Vulkan][Probe 1] Probe start on thread 'Quantified-Vulkan-Probe-Scheduler' LWJGL-stack=64 MiB
[20Aug2026 19:14:08.966] [Quantified-Vulkan-Probe-Scheduler/INFO] [org.admany.quantified.core.common.gpu.backend.VulkanRuntime/]: [Vulkan][Probe 1] Environment: os=Windows 11 10.0, arch=amd64, java=21.0.11, vendor=Eclipse Adoptium, lwjgl.stack.bytes=67108864, quantified.lwjgl.stackSizeBytes=67108864, quantified.lwjgl.stackSizeKb=65536, quantified.gpuThreadStackBytes=<unset>, quantified.gpuThreadStackKb=<unset>, quantified.probeThreadStackBytes=<unset>, quantified.probeThreadStackKb=<unset>, org.lwjgl.system.stackSizeKb=65536
[20Aug2026 19:14:08.966] [Quantified-Vulkan-Probe-Scheduler/INFO] [org.admany.quantified.core.common.gpu.backend.VulkanRuntime/]: [Vulkan][Probe 1] Loader env: VK_ICD_FILENAMES=<unset>, VK_DRIVER_FILES=<unset>, VK_LAYER_PATH=<unset>, VK_INSTANCE_LAYERS=<unset>, VK_LOADER_DEBUG=<unset>, VK_LOADER_LAYERS_DISABLE=<unset>
[20Aug2026 19:14:09.067] [Quantified-Vulkan-Probe-Scheduler/INFO] [org.admany.quantified.core.common.gpu.backend.VulkanRuntime/]: [Vulkan][Probe 1] Launching isolated Vulkan probe: C:\Users\bramb\AppData\Local\Programs\Eclipse Adoptium\jdk-21.0.11.10-hotspot\bin\java.exe -Xms16m -Xmx256m -XX:MaxDirectMemorySize=128m -Xss16m -Dorg.lwjgl.system.stackSize=16384 -Dquantified.lwjgl.stackSizeKb=16384 -Dquantified.lwjgl.stackSizeBytes=16777216 -Dorg.lwjgl.system.SharedLibraryExtractPath=C:\Users\bramb\curseforge\minecraft\Instances\sience for meth forever test\config\QuantifiedAPI\cache\tools\vulkanProbe\natives -cp C:\Users\bramb\curseforge\minecraft\Instances\sience for meth forever test\config\QuantifiedAPI\cache\tools\vulkanProbe\quantified-vulkan-probe.jar;C:\Users\bramb\curseforge\minecraft\Instances\sience for meth forever test\config\QuantifiedAPI\cache\tools\vulkanProbe\lib\lwjgl-3.3.3-natives-linux-arm64.jar;C:\Users\bramb\curseforge\minecraft\Instances\sience for meth forever test\config\QuantifiedAPI\cache\tools\vulkanProbe\lib\lwjgl-3.3.3-natives-linux.jar;C:\Users\bramb\curseforge\minecraft\Instances\sience for meth forever test\config\QuantifiedAPI\cache\tools\vulkanProbe\lib\lwjgl-3.3.3-natives-windows.jar;C:\Users\bramb\curseforge\minecraft\Instances\sience for meth forever test\config\QuantifiedAPI\cache\tools\vulkanProbe\lib\lwjgl-3.3.3.jar;C:\Users\bramb\curseforge\minecraft\Instances\sience for meth forever test\config\QuantifiedAPI\cache\tools\vulkanProbe\lib\lwjgl-vulkan-3.3.3.jar org.admany.quantified.vulkan.probe.VulkanProbeEntrypoint [VK_LOADER_LAYERS_DISABLE=~implicit~, VK_LOADER_DEBUG=error]
[20Aug2026 19:14:09.229] [modloading-worker-0/INFO] [org.admany.quantified.core.neoforge.QuantifiedCoreNeoForge/]: Vulkan isolated runtime classes loaded successfully for legacy Minecraft.
[20Aug2026 19:14:09.229] [modloading-worker-0/INFO] [org.admany.quantified.core.neoforge.QuantifiedCoreNeoForge/]: All Quantified API classes successfully initialized.
[20Aug2026 19:14:09.229] [modloading-worker-0/INFO] [org.admany.quantified.core.neoforge.QuantifiedCoreNeoForge/]: Quantified API initialized successfully.
[20Aug2026 19:14:09.231] [modloading-worker-0/INFO] [org.admany.quantified.core.neoforge.QuantifiedCoreNeoForge/]: [Quantified] Quantified API has been called out by:
  - [Quantified Frontend] (Version 2.2.0) at 19:14
  - [test-mod] (Version 1.0.0) at 19:14
[20Aug2026 19:14:09.277] [modloading-worker-0/INFO] [org.admany.quantified.core.compat.LegacyApiRegistry/]: Quantified API v2: no legacy v1.x mod integrations detected.
[20Aug2026 19:14:09.322] [Quantified-Vulkan-Probe-Stdout/INFO] [org.admany.quantified.core.common.gpu.backend.VulkanRuntime/]: [Vulkan][Probe 1] [Subprocess] [probe] [heartbeat] startup
[20Aug2026 19:14:09.322] [Quantified-Vulkan-Probe-Stdout/INFO] [org.admany.quantified.core.common.gpu.backend.VulkanRuntime/]: [Vulkan][Probe 1] [Subprocess] [probe] [heartbeat] pre-librarypath-config
[20Aug2026 19:14:09.332] [Quantified-Vulkan-Probe-Stdout/INFO] [org.admany.quantified.core.common.gpu.backend.VulkanRuntime/]: [Vulkan][Probe 1] [Subprocess] [probe] java=21.0.11, vendor=Eclipse Adoptium, os=Windows 11 10.0, arch=amd64
[20Aug2026 19:14:09.334] [Quantified-Vulkan-Probe-Stdout/INFO] [org.admany.quantified.core.common.gpu.backend.VulkanRuntime/]: [Vulkan][Probe 1] [Subprocess] [probe] org.lwjgl.system.stackSizeKb=16384, quantified.lwjgl.stackSizeBytes=16777216
[20Aug2026 19:14:09.334] [Quantified-Vulkan-Probe-Stdout/INFO] [org.admany.quantified.core.common.gpu.backend.VulkanRuntime/]: [Vulkan][Probe 1] [Subprocess] [probe] java.library.path=C:\Users\bramb\AppData\Local\Programs\Eclipse Adoptium\jdk-21.0.11.10-hotspot\bin;C:\WINDOWS\Sun\Java\bin;C:\WINDOWS\system32;C:\WINDOWS;C:\WINDOWS\system32;C:\WINDOWS;C:\WINDOWS\System32\Wbem;C:\WINDOWS\System32\WindowsPowerShell\v1.0\;C:\WINDOWS\System32\OpenSSH\;C:\Program Files\NVIDIA Corporation\NVIDIA App\NvDLISR;C:\Program Files (x86)\NVIDIA Corporation\PhysX\Common;C:\Program Files\dotnet\;C:\Windows_PCTrans\System32;C:\Windows_PCTrans\SysWOW64;C:\Program Files\Git\cmd;C:\Program Files (x86)\Windows Kits\10\Windows Performance Toolkit\;C:\Program Files\Sunshine;C:\Program Files\Sunshine\tools;C:\Users\bramb\AppData\Local\Programs\Eclipse Adoptium\jdk-21.0.11.10-hotspot\bin;C:\Users\bramb\.cargo\bin;C:\Users\bramb\AppData\Local\Programs\Eclipse Adoptium\jdk-25.0.2.10-hotspot\bin;C:\Users\bramb\AppData\Local\Microsoft\WindowsApps;C:\Users\bramb\AppData\Local\Programs\Windsurf\bin;C:\Users\bramb\.dotnet\tools;C:\Users\bramb\.lmstudio\bin;.
[20Aug2026 19:14:09.334] [Quantified-Vulkan-Probe-Stdout/INFO] [org.admany.quantified.core.common.gpu.backend.VulkanRuntime/]: [Vulkan][Probe 1] [Subprocess] [probe] org.lwjgl.librarypath=<unset>
[20Aug2026 19:14:09.334] [Quantified-Vulkan-Probe-Stdout/INFO] [org.admany.quantified.core.common.gpu.backend.VulkanRuntime/]: [Vulkan][Probe 1] [Subprocess] [probe] org.lwjgl.system.SharedLibraryExtractPath(original)=C:\Users\bramb\curseforge\minecraft\Instances\sience for meth forever test\config\QuantifiedAPI\cache\tools\vulkanProbe\natives
[20Aug2026 19:14:09.334] [Quantified-Vulkan-Probe-Stdout/INFO] [org.admany.quantified.core.common.gpu.backend.VulkanRuntime/]: [Vulkan][Probe 1] [Subprocess] [probe] org.lwjgl.system.SharedLibraryExtractPath(effective)=C:\Users\bramb\curseforge\minecraft\Instances\sience for meth forever test\config\QuantifiedAPI\cache\tools\vulkanProbe\natives
[20Aug2026 19:14:09.334] [Quantified-Vulkan-Probe-Stdout/INFO] [org.admany.quantified.core.common.gpu.backend.VulkanRuntime/]: [Vulkan][Probe 1] [Subprocess] [probe] [heartbeat] post-librarypath-config
[20Aug2026 19:14:09.423] [Quantified-Vulkan-Probe-Stdout/INFO] [org.admany.quantified.core.common.gpu.backend.VulkanRuntime/]: [Vulkan][Probe 1] [Subprocess] [probe] loader.path=C:\Windows\System32\vulkan-1.dll
[20Aug2026 19:14:09.423] [Quantified-Vulkan-Probe-Stdout/INFO] [org.admany.quantified.core.common.gpu.backend.VulkanRuntime/]: [Vulkan][Probe 1] [Subprocess] [probe] [heartbeat] pre-VK-init
[20Aug2026 19:14:09.502] [Quantified-Vulkan-Probe-Stdout/INFO] [org.admany.quantified.core.common.gpu.backend.VulkanRuntime/]: [Vulkan][Probe 1] [Subprocess] [probe] VK init OK
[20Aug2026 19:14:09.502] [Quantified-Vulkan-Probe-Stdout/INFO] [org.admany.quantified.core.common.gpu.backend.VulkanRuntime/]: [Vulkan][Probe 1] [Subprocess] [probe] [heartbeat] post-VK-init-ok
[20Aug2026 19:14:09.502] [Quantified-Vulkan-Probe-Stdout/INFO] [org.admany.quantified.core.common.gpu.backend.VulkanRuntime/]: [Vulkan][Probe 1] [Subprocess] [probe] [heartbeat] pre-vkEnumerateInstanceVersion
[20Aug2026 19:14:09.522] [Quantified-Vulkan-Probe-Stdout/INFO] [org.admany.quantified.core.common.gpu.backend.VulkanRuntime/]: [Vulkan][Probe 1] [Subprocess] [probe] vkEnumerateInstanceVersion -> VK_SUCCESS, version=1.4.341
[20Aug2026 19:14:09.523] [Quantified-Vulkan-Probe-Stdout/INFO] [org.admany.quantified.core.common.gpu.backend.VulkanRuntime/]: [Vulkan][Probe 1] [Subprocess] [probe] [heartbeat] pre-vkCreateInstance-1.3.0
[20Aug2026 19:14:09.674] [modloading-worker-0/INFO] [KubeJS Startup/]: startup_scripts:main.js#2: Hello, World! (Loaded startup example script)
[20Aug2026 19:14:09.676] [modloading-worker-0/INFO] [KubeJS Startup/]: Loaded script startup_scripts:main.js in 0.057 s
[20Aug2026 19:14:09.680] [modloading-worker-0/INFO] [KubeJS Startup/]: Loaded 1/1 KubeJS startup scripts in 1.398 s with 0 errors and 0 warnings
[20Aug2026 19:14:09.809] [modloading-worker-0/INFO] [KubeJS Client/]: Loaded script client_scripts:cdr_contractor_ponder.js in 0.019 s
[20Aug2026 19:14:09.813] [modloading-worker-0/INFO] [KubeJS Client/]: Loaded script client_scripts:cdr_market_ponder.js in 0.004 s
[20Aug2026 19:14:09.814] [modloading-worker-0/INFO] [KubeJS Client/]: Loaded script client_scripts:cdr_p2p_ponder.js in 0.001 s
[20Aug2026 19:14:09.814] [modloading-worker-0/INFO] [KubeJS Client/]: client_scripts:main.js#2: Hello, World! (Loaded client example script)
[20Aug2026 19:14:09.815] [modloading-worker-0/INFO] [KubeJS Client/]: Loaded script client_scripts:main.js in 0.0 s
[20Aug2026 19:14:09.815] [modloading-worker-0/INFO] [KubeJS Client/]: Loaded 4/4 KubeJS client scripts in 0.132 s with 0 errors and 0 warnings
[20Aug2026 19:14:09.820] [modloading-worker-0/INFO] [KubeJS Startup/]: Validated 0 files in kubejs/assets/ in 1ms
[20Aug2026 19:14:09.821] [modloading-worker-0/INFO] [KubeJS Startup/]: Validated 2 files in kubejs/data/ in 1ms
[20Aug2026 19:14:09.823] [Quantified-Vulkan-Probe-Stdout/INFO] [org.admany.quantified.core.common.gpu.backend.VulkanRuntime/]: [Vulkan][Probe 1] [Subprocess] [probe] vkCreateInstance(1.3.0) -> VK_SUCCESS
[20Aug2026 19:14:09.914] [Quantified-Vulkan-Probe-Stdout/INFO] [org.admany.quantified.core.common.gpu.backend.VulkanRuntime/]: [Vulkan][Probe 1] [Subprocess] [probe] vkCreateDevice(NVIDIA GeForce RTX 5070) -> VK_SUCCESS on NVIDIA GeForce RTX 5070
[20Aug2026 19:14:09.925] [Quantified-Vulkan-Probe-Stdout/INFO] [org.admany.quantified.core.common.gpu.backend.VulkanRuntime/]: [Vulkan][Probe 1] [Subprocess] [probe] [heartbeat] done
[20Aug2026 19:14:09.925] [Quantified-Vulkan-Probe-Stdout/INFO] [org.admany.quantified.core.common.gpu.backend.VulkanRuntime/]: [Vulkan][Probe 1] [Subprocess] {"ok":true,"code":"ok","maxApiVersion":4211029,"selectedApiVersion":4206592,"devices":[{"id":"nvidianvidiageforcertx5070","name":"NVIDIA GeForce RTX 5070","vendor":"NVIDIA","deviceType":2,"localMemoryBytes":12523143168,"softwareAdapter":false},{"id":"amdamdradeontmgraphics","name":"AMD Radeon(TM) Graphics","vendor":"AMD","deviceType":1,"localMemoryBytes":5588123648,"softwareAdapter":false}]}
[20Aug2026 19:14:09.949] [Quantified-Vulkan-Probe-Scheduler/INFO] [org.admany.quantified.core.common.gpu.backend.VulkanRuntime/]: [Vulkan][Probe 1] Isolated Vulkan probe succeeded; in-process LWJGL Vulkan binding is not present, so execution will use the isolated bundled runtime
[20Aug2026 19:14:09.957] [Quantified-Vulkan-Probe-Scheduler/INFO] [org.admany.quantified.core.common.gpu.backend.VulkanRuntime/]: [Quantified][GPU Startup][Vulkan] probe=1 inProcessAvailable=false executionCandidate=true mode=ISOLATED inProcessBindings=false embeddedProbeBundle=true devices=NVIDIA GeForce RTX 5070/NVIDIA/hardware, AMD Radeon(TM) Graphics/AMD/hardware reason=Isolated Vulkan probe succeeded; in-process LWJGL Vulkan binding is not present, so execution will use the isolated bundled runtime
[20Aug2026 19:14:09.959] [Quantified-Vulkan-Probe-Scheduler/INFO] [org.admany.quantified.core.common.gpu.backend.VulkanProbeScheduler/]: Vulkan probe succeeded on attempt #1 (initial) for NVIDIA GeForce RTX 5070
[20Aug2026 19:14:10.129] [Quantified-Vulkan-Isolated/INFO] [org.admany.quantified.core.common.vulkan.core.VulkanInProcessManager/]: [Vulkan] Suppressing implicit Vulkan layers for Vulkan instance creation using VK_LOADER_LAYERS_DISABLE=~implicit~
[20Aug2026 19:14:10.318] [Quantified-Vulkan-Isolated/INFO] [org.admany.quantified.core.common.vulkan.core.VulkanInProcessManager/]: [Vulkan] Float controls: rte32=true, preserveZeroInfNan32=true, denormPreserve32=false, denormFtz32=false, denormIndependence=all, roundingIndependence=all, strictFloat32=true
[20Aug2026 19:14:10.334] [modloading-worker-0/INFO] [dev.lapt.nowheel.NowheelMod/]: Nowheel loaded
[20Aug2026 19:14:10.335] [modloading-worker-0/INFO] [createmoreconveyor/]: Loading createmoreconveyor
[20Aug2026 19:14:10.338] [modloading-worker-0/INFO] [com.mizi.create_break.CreateBreak/]: Create Break: initializing
[20Aug2026 19:14:10.339] [modloading-worker-0/INFO] [STDOUT/]: [dev.lopyluna.dndesires.content.utils.DnDesiresRegistry:register:45]: Registering DnDesires Data Components...
[20Aug2026 19:14:10.340] [modloading-worker-0/INFO] [STDOUT/]: [dev.lopyluna.dndesires.content.utils.DnDesiresRegistry:register:47]: Registering DnDesires Creative Tabs...
[20Aug2026 19:14:10.341] [modloading-worker-0/INFO] [STDOUT/]: [dev.lopyluna.dndesires.content.utils.DnDesiresRegistry:register:49]: Registering DnDesires Damage Types...
[20Aug2026 19:14:10.341] [modloading-worker-0/INFO] [STDOUT/]: [dev.lopyluna.dndesires.content.utils.DnDesiresRegistry:register:51]: Registering DnDesires Mob Effects...
[20Aug2026 19:14:10.342] [modloading-worker-0/INFO] [STDOUT/]: [dev.lopyluna.dndesires.content.utils.DnDesiresRegistry:register:53]: Registering DnDesires Particles...
[20Aug2026 19:14:10.343] [modloading-worker-0/INFO] [STDOUT/]: [dev.lopyluna.dndesires.content.utils.DnDesiresRegistry:register:55]: Registering DnDesires Recipes Serializers...
[20Aug2026 19:14:10.343] [modloading-worker-0/INFO] [STDOUT/]: [dev.lopyluna.dndesires.content.utils.DnDesiresRegistry:register:57]: Registering DnDesires Recipes...
[20Aug2026 19:14:10.344] [modloading-worker-0/INFO] [STDOUT/]: [dev.lopyluna.dndesires.content.utils.DnDesiresRegistry:register:59]: Registering DnDesires Menus...
[20Aug2026 19:14:10.344] [modloading-worker-0/INFO] [STDOUT/]: [dev.lopyluna.dndesires.content.utils.DnDesiresRegistry:register:61]: Registering DnDesires Sounds...
[20Aug2026 19:14:10.345] [modloading-worker-0/INFO] [STDOUT/]: [dev.lopyluna.dndesires.content.utils.DnDesiresRegistry:register:63]: Registering DnDesires Dimensions...
[20Aug2026 19:14:10.345] [modloading-worker-0/INFO] [STDOUT/]: [dev.lopyluna.dndesires.content.utils.DnDesiresRegistry:register:65]: Registering DnDesires Done
[20Aug2026 19:14:10.352] [modloading-worker-0/INFO] [com.hooshu.ulticreatecompatability.UltiCreateCompatability/]: UltiCreate Compatability ready: bridging Ultimine to Create manual application
[20Aug2026 19:14:10.451] [modloading-worker-0/INFO] [com.reggarf.mods.create_better_villagers.Create_better_villagers/]: Hello 1.21.1 Create!
[20Aug2026 19:14:10.472] [modloading-worker-0/INFO] [dev.ryanhcode.sable.Sable/]: Sable loaded!
[20Aug2026 19:14:10.517] [modloading-worker-0/WARN] [dev.ryanhcode.sable.Sable/]: NOTE: Sable is loaded with Flywheel. Sable contains extensive shader overrides and a full light-storage replacement. Expect this to cause compatibility issues. If issues arise, please report them to the Sable issue tracker (https://github.com/ryanhcode/sable/issues) instead of the Flywheel issue tracker.
[20Aug2026 19:14:10.574] [Quantified-Vulkan-Isolated/INFO] [org.admany.quantified.core.common.vulkan.core.VulkanInProcessManager/]: Vulkan initialized on device: NVIDIA GeForce RTX 5070
[20Aug2026 19:14:10.574] [Quantified-Vulkan-Isolated/INFO] [org.admany.quantified.core.common.gpu.backend.VulkanProbeScheduler/]: Vulkan isolated runtime initialized successfully (initial)
[20Aug2026 19:14:10.636] [modloading-worker-0/INFO] [io.github.ildimas.createdelivery.CreateDeliveryRequired/]: Ponder scripts exported to kubejs/client_scripts/
[20Aug2026 19:14:10.798] [modloading-worker-0/INFO] [create_bb/]: Registered styles/menu selections for Create: Blocks & Bogies
[20Aug2026 19:14:10.800] [modloading-worker-0/INFO] [create_bb/]: Registered bogie blocks for Create: Blocks & Bogies
[20Aug2026 19:14:10.804] [modloading-worker-0/INFO] [create_bb/]: Registered block entities for Create: Blocks & Bogies
[20Aug2026 19:14:10.807] [modloading-worker-0/INFO] [create_bb/]: Registered partial models for Create: Blocks & Bogies
[20Aug2026 19:14:11.093] [Render thread/FATAL] [net.neoforged.fml.ModLoader/LOADING]: Failed to wait for future Mod Construction, 1 errors found
[20Aug2026 19:14:11.134] [Render thread/ERROR] [Sodium/]: Something has gone horribly wrong in mod loading; Sodium cannot continue.
[20Aug2026 19:14:11.257] [Render thread/ERROR] [net.neoforged.fml.ModLoader/]: Cowardly refusing to send event net.neoforged.neoforge.client.event.sound.SoundEngineLoadEvent to a broken mod state
[20Aug2026 19:14:11.638] [Render thread/INFO] [Veil/]: GL Debug supported
[20Aug2026 19:14:11.682] [Render thread/ERROR] [net.neoforged.fml.ModLoader/]: Cowardly refusing to send event net.neoforged.neoforge.client.event.RegisterColorHandlersEvent$Block to a broken mod state
[20Aug2026 19:14:11.685] [Render thread/ERROR] [net.neoforged.fml.ModLoader/]: Cowardly refusing to send event net.neoforged.neoforge.client.event.RegisterColorHandlersEvent$Item to a broken mod state
[20Aug2026 19:14:11.690] [Render thread/ERROR] [net.neoforged.fml.ModLoader/]: Cowardly refusing to send event net.neoforged.neoforge.client.event.RegisterMaterialAtlasesEvent to a broken mod state
[20Aug2026 19:14:11.716] [Render thread/ERROR] [net.neoforged.fml.ModLoader/]: Cowardly refusing to send event foundry.veil.forge.event.ForgeVeilRegisterBlockLayersEvent to a broken mod state
[20Aug2026 19:14:11.739] [Render thread/ERROR] [net.neoforged.fml.ModLoader/]: Cowardly refusing to send event net.neoforged.neoforge.client.event.RegisterRenderBuffersEvent to a broken mod state
[20Aug2026 19:14:11.871] [Render thread/ERROR] [net.neoforged.fml.ModLoader/]: Cowardly refusing to send event net.neoforged.neoforge.client.event.RegisterParticleProvidersEvent to a broken mod state
[20Aug2026 19:14:11.898] [Render thread/INFO] [Iris/]: Hardware information:
[20Aug2026 19:14:11.898] [Render thread/INFO] [Iris/]: CPU: 12x AMD Ryzen 5 9600X 6-Core Processor 
[20Aug2026 19:14:11.899] [Render thread/INFO] [Iris/]: GPU: NVIDIA GeForce RTX 5070/PCIe/SSE2 (Supports OpenGL 4.6.0 NVIDIA 610.88)
[20Aug2026 19:14:11.899] [Render thread/INFO] [Iris/]: OS: Windows 11 (10.0)
[20Aug2026 19:14:11.968] [Render thread/ERROR] [net.neoforged.fml.ModLoader/]: Cowardly refusing to send event net.neoforged.neoforge.client.event.RenderLevelStageEvent$RegisterStageEvent to a broken mod state
[20Aug2026 19:14:12.038] [Render thread/ERROR] [net.neoforged.fml.ModLoader/]: Cowardly refusing to send event net.neoforged.neoforge.client.extensions.common.RegisterClientExtensionsEvent to a broken mod state
[20Aug2026 19:14:12.040] [Render thread/ERROR] [net.neoforged.fml.ModLoader/]: Cowardly refusing to send event net.neoforged.neoforge.client.event.RegisterSpriteSourceTypesEvent to a broken mod state
[20Aug2026 19:14:12.072] [Render thread/ERROR] [net.neoforged.fml.ModLoader/]: Cowardly refusing to send event net.neoforged.neoforge.client.event.RegisterMenuScreensEvent to a broken mod state
[20Aug2026 19:14:12.072] [Render thread/ERROR] [net.neoforged.fml.ModLoader/]: Cowardly refusing to send event net.neoforged.neoforge.client.event.RegisterClientReloadListenersEvent to a broken mod state
[20Aug2026 19:14:12.072] [Render thread/ERROR] [net.neoforged.fml.ModLoader/]: Cowardly refusing to send event net.neoforged.neoforge.client.event.EntityRenderersEvent$RegisterLayerDefinitions to a broken mod state
[20Aug2026 19:14:12.072] [Render thread/ERROR] [net.neoforged.fml.ModLoader/]: Cowardly refusing to send event net.neoforged.neoforge.client.event.EntityRenderersEvent$RegisterRenderers to a broken mod state
[20Aug2026 19:14:12.072] [Render thread/ERROR] [net.neoforged.fml.ModLoader/]: Cowardly refusing to send event net.neoforged.neoforge.client.event.RegisterClientTooltipComponentFactoriesEvent to a broken mod state
[20Aug2026 19:14:12.073] [Render thread/ERROR] [net.neoforged.fml.ModLoader/]: Cowardly refusing to send event net.neoforged.neoforge.client.event.RegisterEntitySpectatorShadersEvent to a broken mod state
[20Aug2026 19:14:12.073] [Render thread/ERROR] [net.neoforged.fml.ModLoader/]: Cowardly refusing to send event net.neoforged.neoforge.client.event.RegisterKeyMappingsEvent to a broken mod state
[20Aug2026 19:14:12.079] [Render thread/ERROR] [net.neoforged.fml.ModLoader/]: Cowardly refusing to send event net.neoforged.neoforge.client.event.RegisterRecipeBookCategoriesEvent to a broken mod state
[20Aug2026 19:14:12.079] [Render thread/ERROR] [net.neoforged.fml.ModLoader/]: Cowardly refusing to send event net.neoforged.neoforge.client.event.RegisterGuiLayersEvent to a broken mod state
[20Aug2026 19:14:12.080] [Render thread/ERROR] [net.neoforged.fml.ModLoader/]: Cowardly refusing to send event net.neoforged.neoforge.client.event.RegisterDimensionSpecialEffectsEvent to a broken mod state
[20Aug2026 19:14:12.081] [Render thread/ERROR] [net.neoforged.fml.ModLoader/]: Cowardly refusing to send event net.neoforged.neoforge.client.event.RegisterNamedRenderTypesEvent to a broken mod state
[20Aug2026 19:14:12.081] [Render thread/ERROR] [net.neoforged.fml.ModLoader/]: Cowardly refusing to send event net.neoforged.neoforge.client.event.RegisterColorHandlersEvent$ColorResolvers to a broken mod state
[20Aug2026 19:14:12.083] [Render thread/ERROR] [net.neoforged.fml.ModLoader/]: Cowardly refusing to send event net.neoforged.neoforge.client.event.RegisterItemDecorationsEvent to a broken mod state
[20Aug2026 19:14:12.094] [Render thread/ERROR] [net.neoforged.fml.ModLoader/]: Cowardly refusing to send event net.neoforged.neoforge.client.event.RegisterPresetEditorsEvent to a broken mod state
[20Aug2026 19:14:12.095] [Render thread/ERROR] [net.neoforged.fml.ModLoader/]: Cowardly refusing to send event net.neoforged.neoforge.client.gui.map.RegisterMapDecorationRenderersEvent to a broken mod state
[20Aug2026 19:14:12.095] [Render thread/ERROR] [net.neoforged.fml.ModLoader/]: Cowardly refusing to send event net.neoforged.neoforge.client.event.RegisterDimensionTransitionScreenEvent to a broken mod state
[20Aug2026 19:14:12.110] [Render thread/ERROR] [net.neoforged.fml.ModLoader/]: Cowardly refusing to send event net.neoforged.neoforge.client.event.RegisterJsonAnimationTypesEvent to a broken mod state
[20Aug2026 19:14:12.319] [Render thread/INFO] [net.minecraft.server.packs.resources.ReloadableResourceManager/]: Reloading ResourceManager: vanilla, KubeJS Virtual Resource Pack [Before Mods, assets], fabric, Essential Assets, KubeJS Virtual Resource Pack [Internal, assets], KubeJS Virtual Resource Pack [After Mods, assets], KubeJS File Resource Pack [assets], essential, KubeJS Virtual Resource Pack [Last, assets], ldlib2
[20Aug2026 19:14:12.371] [Render thread/ERROR] [net.neoforged.fml.ModLoader/]: Cowardly refusing to send event net.neoforged.neoforge.client.event.ModelEvent$RegisterGeometryLoaders to a broken mod state
[20Aug2026 19:14:12.412] [Render thread/INFO] [STDOUT/]: [net.minecraft.client.Minecraft:handler$zza000$create_break$onInit:5002]: 测试Mixin生效！Minecraft已初始化
[20Aug2026 19:14:12.428] [Worker-ResourceReload-10/INFO] [net.minecraft.client.gui.font.providers.UnihexProvider/]: Found unifont_all_no_pua-15.1.05.hex, loading
[20Aug2026 19:14:12.429] [Worker-ResourceReload-0/ERROR] [net.neoforged.fml.ModLoader/]: Cowardly refusing to send event com.lowdragmc.lowdraglib2.editor.resource.EditorResourceEvent$LoadBuiltin to a broken mod state
[20Aug2026 19:14:12.469] [Worker-ResourceReload-8/ERROR] [ModernFix/]: Using vanilla stitcher implementation due to invalid loading state
[20Aug2026 19:14:12.469] [Worker-ResourceReload-3/ERROR] [ModernFix/]: Using vanilla stitcher implementation due to invalid loading state
[20Aug2026 19:14:12.473] [Worker-ResourceReload-4/ERROR] [ModernFix/]: Using vanilla stitcher implementation due to invalid loading state
[20Aug2026 19:14:12.474] [Render thread/INFO] [KubeJS Client/]: Client resource reload complete!
[20Aug2026 19:14:12.481] [Worker-ResourceReload-9/ERROR] [ModernFix/]: Using vanilla stitcher implementation due to invalid loading state
[20Aug2026 19:14:12.511] [Worker-ResourceReload-0/ERROR] [ModernFix/]: Using vanilla stitcher implementation due to invalid loading state
[20Aug2026 19:14:12.523] [Worker-ResourceReload-3/ERROR] [ModernFix/]: Using vanilla stitcher implementation due to invalid loading state
[20Aug2026 19:14:12.525] [Worker-ResourceReload-1/ERROR] [ModernFix/]: Using vanilla stitcher implementation due to invalid loading state
[20Aug2026 19:14:12.531] [Worker-ResourceReload-8/ERROR] [ModernFix/]: Using vanilla stitcher implementation due to invalid loading state
[20Aug2026 19:14:12.537] [Worker-ResourceReload-8/ERROR] [ModernFix/]: Using vanilla stitcher implementation due to invalid loading state
[20Aug2026 19:14:12.654] [Worker-ResourceReload-4/ERROR] [ModernFix/]: Using vanilla stitcher implementation due to invalid loading state
[20Aug2026 19:14:12.671] [Worker-ResourceReload-9/ERROR] [ModernFix/]: Using vanilla stitcher implementation due to invalid loading state
[20Aug2026 19:14:12.673] [Worker-ResourceReload-2/ERROR] [ModernFix/]: Using vanilla stitcher implementation due to invalid loading state
[20Aug2026 19:14:12.698] [Worker-ResourceReload-9/ERROR] [ModernFix/]: Using vanilla stitcher implementation due to invalid loading state
[20Aug2026 19:14:12.743] [Worker-ResourceReload-5/ERROR] [ModernFix/]: Using vanilla stitcher implementation due to invalid loading state
[20Aug2026 19:14:12.781] [Worker-ResourceReload-9/WARN] [net.minecraft.client.resources.model.ModelBakery/]: Unable to load model: 'lavender:item/brown_book' referenced from: lavender:item/brown_book: java.io.FileNotFoundException: lavender:models/item/brown_book.json
[20Aug2026 19:14:12.797] [Worker-ResourceReload-8/INFO] [net.minecraft.client.gui.font.providers.UnihexProvider/]: Found unifont_jp_patch-15.1.05.hex, loading
[20Aug2026 19:14:12.922] [Render thread/INFO] [STDERR/]: [java.lang.Throwable:printStackTrace:651]: java.lang.IllegalStateException: Cannot get config value before config is loaded.
[20Aug2026 19:14:12.922] [Render thread/INFO] [STDERR/]: [java.lang.Throwable:printStackTrace:651]: 	at MC-BOOTSTRAP/com.google.common@32.1.2-jre/com.google.common.base.Preconditions.checkState(Preconditions.java:512)
[20Aug2026 19:14:12.922] [Render thread/INFO] [STDERR/]: [java.lang.Throwable:printStackTrace:651]: 	at TRANSFORMER/neoforge@21.1.248/net.neoforged.neoforge.common.ModConfigSpec$ConfigValue.getRaw(ModConfigSpec.java:1235)
[20Aug2026 19:14:12.922] [Render thread/INFO] [STDERR/]: [java.lang.Throwable:printStackTrace:651]: 	at TRANSFORMER/neoforge@21.1.248/net.neoforged.neoforge.common.ModConfigSpec$ConfigValue.get(ModConfigSpec.java:1222)
[20Aug2026 19:14:12.922] [Render thread/INFO] [STDERR/]: [java.lang.Throwable:printStackTrace:651]: 	at TRANSFORMER/coroutil@1.21.0-1.3.9/com.corosus.coroutil.loader.neoforge.ModConfigDataNeoForge.getConfigBoolean(ModConfigDataNeoForge.java:40)
[20Aug2026 19:14:12.922] [Render thread/INFO] [STDERR/]: [java.lang.Throwable:printStackTrace:651]: 	at TRANSFORMER/coroutil@1.21.0-1.3.9/com.corosus.modconfig.ModConfigData.processFieldFromForgeConfig(ModConfigData.java:65)
[20Aug2026 19:14:12.922] [Render thread/INFO] [STDERR/]: [java.lang.Throwable:printStackTrace:651]: 	at TRANSFORMER/coroutil@1.21.0-1.3.9/com.corosus.modconfig.ModConfigData.updateConfigFieldValues(ModConfigData.java:47)
[20Aug2026 19:14:12.922] [Render thread/INFO] [STDERR/]: [java.lang.Throwable:printStackTrace:651]: 	at TRANSFORMER/coroutil@1.21.0-1.3.9/com.corosus.modconfig.CoroConfigRegistry.updateAllConfigsFromForge(CoroConfigRegistry.java:57)
[20Aug2026 19:14:12.923] [Render thread/INFO] [STDERR/]: [java.lang.Throwable:printStackTrace:651]: 	at TRANSFORMER/coroutil@1.21.0-1.3.9/com.corosus.modconfig.CoroConfigRegistry.allModsConfigsLoadedAndRegisteredHook(CoroConfigRegistry.java:37)
[20Aug2026 19:14:12.923] [Render thread/INFO] [STDERR/]: [java.lang.Throwable:printStackTrace:651]: 	at TRANSFORMER/coroutil@1.21.0-1.3.9/com.corosus.coroutil.loader.neoforge.ClientEvents.onGameTick(ClientEvents.java:13)
[20Aug2026 19:14:12.923] [Render thread/INFO] [STDERR/]: [java.lang.Throwable:printStackTrace:651]: 	at MC-BOOTSTRAP/net.neoforged.bus/net.neoforged.bus.ConsumerEventHandler.invoke(ConsumerEventHandler.java:27)
[20Aug2026 19:14:12.923] [Render thread/INFO] [STDERR/]: [java.lang.Throwable:printStackTrace:651]: 	at MC-BOOTSTRAP/net.neoforged.bus/net.neoforged.bus.EventBus.post(EventBus.java:360)
[20Aug2026 19:14:12.923] [Render thread/INFO] [STDERR/]: [java.lang.Throwable:printStackTrace:651]: 	at MC-BOOTSTRAP/net.neoforged.bus/net.neoforged.bus.EventBus.post(EventBus.java:328)
[20Aug2026 19:14:12.923] [Render thread/INFO] [STDERR/]: [java.lang.Throwable:printStackTrace:651]: 	at TRANSFORMER/neoforge@21.1.248/net.neoforged.neoforge.client.ClientHooks.fireClientTickPost(ClientHooks.java:1077)
[20Aug2026 19:14:12.923] [Render thread/INFO] [STDERR/]: [java.lang.Throwable:printStackTrace:651]: 	at TRANSFORMER/minecraft@1.21.1/net.minecraft.client.Minecraft.tick(Minecraft.java:1915)
[20Aug2026 19:14:12.923] [Render thread/INFO] [STDERR/]: [java.lang.Throwable:printStackTrace:651]: 	at TRANSFORMER/minecraft@1.21.1/net.minecraft.client.Minecraft.runTick(Minecraft.java:1161)
[20Aug2026 19:14:12.923] [Render thread/INFO] [STDERR/]: [java.lang.Throwable:printStackTrace:651]: 	at TRANSFORMER/minecraft@1.21.1/net.minecraft.client.Minecraft.run(Minecraft.java:807)
[20Aug2026 19:14:12.923] [Render thread/INFO] [STDERR/]: [java.lang.Throwable:printStackTrace:651]: 	at TRANSFORMER/minecraft@1.21.1/net.minecraft.client.main.Main.main(Main.java:230)
[20Aug2026 19:14:12.924] [Render thread/INFO] [STDERR/]: [java.lang.Throwable:printStackTrace:651]: 	at java.base/jdk.internal.reflect.DirectMethodHandleAccessor.invoke(DirectMethodHandleAccessor.java:103)
[20Aug2026 19:14:12.924] [Render thread/INFO] [STDERR/]: [java.lang.Throwable:printStackTrace:651]: 	at java.base/java.lang.reflect.Method.invoke(Method.java:580)
[20Aug2026 19:14:12.924] [Render thread/INFO] [STDERR/]: [java.lang.Throwable:printStackTrace:651]: 	at MC-BOOTSTRAP/fml_loader@4.0.43/net.neoforged.fml.loading.targets.CommonLaunchHandler.runTarget(CommonLaunchHandler.java:136)
[20Aug2026 19:14:12.924] [Render thread/INFO] [STDERR/]: [java.lang.Throwable:printStackTrace:651]: 	at MC-BOOTSTRAP/fml_loader@4.0.43/net.neoforged.fml.loading.targets.CommonLaunchHandler.clientService(CommonLaunchHandler.java:124)
[20Aug2026 19:14:12.924] [Render thread/INFO] [STDERR/]: [java.lang.Throwable:printStackTrace:651]: 	at MC-BOOTSTRAP/fml_loader@4.0.43/net.neoforged.fml.loading.targets.CommonClientLaunchHandler.runService(CommonClientLaunchHandler.java:32)
[20Aug2026 19:14:12.924] [Render thread/INFO] [STDERR/]: [java.lang.Throwable:printStackTrace:651]: 	at MC-BOOTSTRAP/fml_loader@4.0.43/net.neoforged.fml.loading.targets.CommonLaunchHandler.lambda$launchService$4(CommonLaunchHandler.java:118)
[20Aug2026 19:14:12.924] [Render thread/INFO] [STDERR/]: [java.lang.Throwable:printStackTrace:651]: 	at MC-BOOTSTRAP/cpw.mods.modlauncher@11.0.5/cpw.mods.modlauncher.LaunchServiceHandlerDecorator.launch(LaunchServiceHandlerDecorator.java:30)
[20Aug2026 19:14:12.924] [Render thread/INFO] [STDERR/]: [java.lang.Throwable:printStackTrace:651]: 	at MC-BOOTSTRAP/cpw.mods.modlauncher@11.0.5/cpw.mods.modlauncher.LaunchServiceHandler.launch(LaunchServiceHandler.java:53)
[20Aug2026 19:14:12.924] [Render thread/INFO] [STDERR/]: [java.lang.Throwable:printStackTrace:651]: 	at MC-BOOTSTRAP/cpw.mods.modlauncher@11.0.5/cpw.mods.modlauncher.LaunchServiceHandler.launch(LaunchServiceHandler.java:71)
[20Aug2026 19:14:12.924] [Render thread/INFO] [STDERR/]: [java.lang.Throwable:printStackTrace:651]: 	at MC-BOOTSTRAP/cpw.mods.modlauncher@11.0.5/cpw.mods.modlauncher.Launcher.run(Launcher.java:103)
[20Aug2026 19:14:12.924] [Render thread/INFO] [STDERR/]: [java.lang.Throwable:printStackTrace:651]: 	at MC-BOOTSTRAP/cpw.mods.modlauncher@11.0.5/cpw.mods.modlauncher.Launcher.main(Launcher.java:74)
[20Aug2026 19:14:12.924] [Render thread/INFO] [STDERR/]: [java.lang.Throwable:printStackTrace:651]: 	at MC-BOOTSTRAP/cpw.mods.modlauncher@11.0.5/cpw.mods.modlauncher.BootstrapLaunchConsumer.accept(BootstrapLaunchConsumer.java:26)
[20Aug2026 19:14:12.924] [Render thread/INFO] [STDERR/]: [java.lang.Throwable:printStackTrace:651]: 	at MC-BOOTSTRAP/cpw.mods.modlauncher@11.0.5/cpw.mods.modlauncher.BootstrapLaunchConsumer.accept(BootstrapLaunchConsumer.java:23)
[20Aug2026 19:14:12.925] [Render thread/INFO] [STDERR/]: [java.lang.Throwable:printStackTrace:651]: 	at cpw.mods.bootstraplauncher@2.0.2/cpw.mods.bootstraplauncher.BootstrapLauncher.run(BootstrapLauncher.java:210)
[20Aug2026 19:14:12.925] [Render thread/INFO] [STDERR/]: [java.lang.Throwable:printStackTrace:651]: 	at cpw.mods.bootstraplauncher@2.0.2/cpw.mods.bootstraplauncher.BootstrapLauncher.main(BootstrapLauncher.java:69)
[20Aug2026 19:14:12.925] [Render thread/INFO] [STDERR/]: [java.lang.Throwable:printStackTrace:651]: java.lang.IllegalStateException: Cannot get config value before config is loaded.
[20Aug2026 19:14:12.925] [Render thread/INFO] [STDERR/]: [java.lang.Throwable:printStackTrace:651]: 	at MC-BOOTSTRAP/com.google.common@32.1.2-jre/com.google.common.base.Preconditions.checkState(Preconditions.java:512)
[20Aug2026 19:14:12.925] [Render thread/INFO] [STDERR/]: [java.lang.Throwable:printStackTrace:651]: 	at TRANSFORMER/neoforge@21.1.248/net.neoforged.neoforge.common.ModConfigSpec$ConfigValue.getRaw(ModConfigSpec.java:1235)
[20Aug2026 19:14:12.925] [Render thread/INFO] [STDERR/]: [java.lang.Throwable:printStackTrace:651]: 	at TRANSFORMER/neoforge@21.1.248/net.neoforged.neoforge.common.ModConfigSpec$ConfigValue.get(ModConfigSpec.java:1222)
[20Aug2026 19:14:12.925] [Render thread/INFO] [STDERR/]: [java.lang.Throwable:printStackTrace:651]: 	at TRANSFORMER/coroutil@1.21.0-1.3.9/com.corosus.coroutil.loader.neoforge.ModConfigDataNeoForge.getConfigBoolean(ModConfigDataNeoForge.java:40)
[20Aug2026 19:14:12.925] [Render thread/INFO] [STDERR/]: [java.lang.Throwable:printStackTrace:651]: 	at TRANSFORMER/coroutil@1.21.0-1.3.9/com.corosus.modconfig.ModConfigData.processFieldFromForgeConfig(ModConfigData.java:65)
[20Aug2026 19:14:12.925] [Render thread/INFO] [STDERR/]: [java.lang.Throwable:printStackTrace:651]: 	at TRANSFORMER/coroutil@1.21.0-1.3.9/com.corosus.modconfig.ModConfigData.updateConfigFieldValues(ModConfigData.java:47)
[20Aug2026 19:14:12.925] [Render thread/INFO] [STDERR/]: [java.lang.Throwable:printStackTrace:651]: 	at TRANSFORMER/coroutil@1.21.0-1.3.9/com.corosus.modconfig.CoroConfigRegistry.updateAllConfigsFromForge(CoroConfigRegistry.java:57)
[20Aug2026 19:14:12.925] [Render thread/INFO] [STDERR/]: [java.lang.Throwable:printStackTrace:651]: 	at TRANSFORMER/coroutil@1.21.0-1.3.9/com.corosus.modconfig.CoroConfigRegistry.allModsConfigsLoadedAndRegisteredHook(CoroConfigRegistry.java:37)
[20Aug2026 19:14:12.925] [Render thread/INFO] [STDERR/]: [java.lang.Throwable:printStackTrace:651]: 	at TRANSFORMER/coroutil@1.21.0-1.3.9/com.corosus.coroutil.loader.neoforge.ClientEvents.onGameTick(ClientEvents.java:13)
[20Aug2026 19:14:12.925] [Render thread/INFO] [STDERR/]: [java.lang.Throwable:printStackTrace:651]: 	at MC-BOOTSTRAP/net.neoforged.bus/net.neoforged.bus.ConsumerEventHandler.invoke(ConsumerEventHandler.java:27)
[20Aug2026 19:14:12.925] [Render thread/INFO] [STDERR/]: [java.lang.Throwable:printStackTrace:651]: 	at MC-BOOTSTRAP/net.neoforged.bus/net.neoforged.bus.EventBus.post(EventBus.java:360)
[20Aug2026 19:14:12.925] [Render thread/INFO] [STDERR/]: [java.lang.Throwable:printStackTrace:651]: 	at MC-BOOTSTRAP/net.neoforged.bus/net.neoforged.bus.EventBus.post(EventBus.java:328)
[20Aug2026 19:14:12.925] [Render thread/INFO] [STDERR/]: [java.lang.Throwable:printStackTrace:651]: 	at TRANSFORMER/neoforge@21.1.248/net.neoforged.neoforge.client.ClientHooks.fireClientTickPost(ClientHooks.java:1077)
[20Aug2026 19:14:12.925] [Render thread/INFO] [STDERR/]: [java.lang.Throwable:printStackTrace:651]: 	at TRANSFORMER/minecraft@1.21.1/net.minecraft.client.Minecraft.tick(Minecraft.java:1915)
[20Aug2026 19:14:12.926] [Render thread/INFO] [STDERR/]: [java.lang.Throwable:printStackTrace:651]: 	at TRANSFORMER/minecraft@1.21.1/net.minecraft.client.Minecraft.runTick(Minecraft.java:1161)
[20Aug2026 19:14:12.926] [Render thread/INFO] [STDERR/]: [java.lang.Throwable:printStackTrace:651]: 	at TRANSFORMER/minecraft@1.21.1/net.minecraft.client.Minecraft.run(Minecraft.java:807)
[20Aug2026 19:14:12.926] [Render thread/INFO] [STDERR/]: [java.lang.Throwable:printStackTrace:651]: 	at TRANSFORMER/minecraft@1.21.1/net.minecraft.client.main.Main.main(Main.java:230)
[20Aug2026 19:14:12.926] [Render thread/INFO] [STDERR/]: [java.lang.Throwable:printStackTrace:651]: 	at java.base/jdk.internal.reflect.DirectMethodHandleAccessor.invoke(DirectMethodHandleAccessor.java:103)
[20Aug2026 19:14:12.926] [Render thread/INFO] [STDERR/]: [java.lang.Throwable:printStackTrace:651]: 	at java.base/java.lang.reflect.Method.invoke(Method.java:580)
[20Aug2026 19:14:12.926] [Render thread/INFO] [STDERR/]: [java.lang.Throwable:printStackTrace:651]: 	at MC-BOOTSTRAP/fml_loader@4.0.43/net.neoforged.fml.loading.targets.CommonLaunchHandler.runTarget(CommonLaunchHandler.java:136)
[20Aug2026 19:14:12.926] [Render thread/INFO] [STDERR/]: [java.lang.Throwable:printStackTrace:651]: 	at MC-BOOTSTRAP/fml_loader@4.0.43/net.neoforged.fml.loading.targets.CommonLaunchHandler.clientService(CommonLaunchHandler.java:124)
[20Aug2026 19:14:12.926] [Render thread/INFO] [STDERR/]: [java.lang.Throwable:printStackTrace:651]: 	at MC-BOOTSTRAP/fml_loader@4.0.43/net.neoforged.fml.loading.targets.CommonClientLaunchHandler.runService(CommonClientLaunchHandler.java:32)
[20Aug2026 19:14:12.926] [Render thread/INFO] [STDERR/]: [java.lang.Throwable:printStackTrace:651]: 	at MC-BOOTSTRAP/fml_loader@4.0.43/net.neoforged.fml.loading.targets.CommonLaunchHandler.lambda$launchService$4(CommonLaunchHandler.java:118)
[20Aug2026 19:14:12.926] [Render thread/INFO] [STDERR/]: [java.lang.Throwable:printStackTrace:651]: 	at MC-BOOTSTRAP/cpw.mods.modlauncher@11.0.5/cpw.mods.modlauncher.LaunchServiceHandlerDecorator.launch(LaunchServiceHandlerDecorator.java:30)
[20Aug2026 19:14:12.926] [Render thread/INFO] [STDERR/]: [java.lang.Throwable:printStackTrace:651]: 	at MC-BOOTSTRAP/cpw.mods.modlauncher@11.0.5/cpw.mods.modlauncher.LaunchServiceHandler.launch(LaunchServiceHandler.java:53)
[20Aug2026 19:14:12.926] [Render thread/INFO] [STDERR/]: [java.lang.Throwable:printStackTrace:651]: 	at MC-BOOTSTRAP/cpw.mods.modlauncher@11.0.5/cpw.mods.modlauncher.LaunchServiceHandler.launch(LaunchServiceHandler.java:71)
[20Aug2026 19:14:12.926] [Render thread/INFO] [STDERR/]: [java.lang.Throwable:printStackTrace:651]: 	at MC-BOOTSTRAP/cpw.mods.modlauncher@11.0.5/cpw.mods.modlauncher.Launcher.run(Launcher.java:103)
[20Aug2026 19:14:12.926] [Render thread/INFO] [STDERR/]: [java.lang.Throwable:printStackTrace:651]: 	at MC-BOOTSTRAP/cpw.mods.modlauncher@11.0.5/cpw.mods.modlauncher.Launcher.main(Launcher.java:74)
[20Aug2026 19:14:12.926] [Render thread/INFO] [STDERR/]: [java.lang.Throwable:printStackTrace:651]: 	at MC-BOOTSTRAP/cpw.mods.modlauncher@11.0.5/cpw.mods.modlauncher.BootstrapLaunchConsumer.accept(BootstrapLaunchConsumer.java:26)
[20Aug2026 19:14:12.926] [Render thread/INFO] [STDERR/]: [java.lang.Throwable:printStackTrace:651]: 	at MC-BOOTSTRAP/cpw.mods.modlauncher@11.0.5/cpw.mods.modlauncher.BootstrapLaunchConsumer.accept(BootstrapLaunchConsumer.java:23)
[20Aug2026 19:14:12.926] [Render thread/INFO] [STDERR/]: [java.lang.Throwable:printStackTrace:651]: 	at cpw.mods.bootstraplauncher@2.0.2/cpw.mods.bootstraplauncher.BootstrapLauncher.run(BootstrapLauncher.java:210)
[20Aug2026 19:14:12.926] [Render thread/INFO] [STDERR/]: [java.lang.Throwable:printStackTrace:651]: 	at cpw.mods.bootstraplauncher@2.0.2/cpw.mods.bootstraplauncher.BootstrapLauncher.main(BootstrapLauncher.java:69)
[20Aug2026 19:14:12.926] [Render thread/INFO] [STDERR/]: [java.lang.Throwable:printStackTrace:651]: java.lang.IllegalStateException: Cannot get config value before config is loaded.
[20Aug2026 19:14:12.927] [Render thread/INFO] [STDERR/]: [java.lang.Throwable:printStackTrace:651]: 	at MC-BOOTSTRAP/com.google.common@32.1.2-jre/com.google.common.base.Preconditions.checkState(Preconditions.java:512)
[20Aug2026 19:14:12.927] [Render thread/INFO] [STDERR/]: [java.lang.Throwable:printStackTrace:651]: 	at TRANSFORMER/neoforge@21.1.248/net.neoforged.neoforge.common.ModConfigSpec$ConfigValue.getRaw(ModConfigSpec.java:1235)
[20Aug2026 19:14:12.927] [Render thread/INFO] [STDERR/]: [java.lang.Throwable:printStackTrace:651]: 	at TRANSFORMER/neoforge@21.1.248/net.neoforged.neoforge.common.ModConfigSpec$ConfigValue.get(ModConfigSpec.java:1222)
[20Aug2026 19:14:12.927] [Render thread/INFO] [STDERR/]: [java.lang.Throwable:printStackTrace:651]: 	at TRANSFORMER/coroutil@1.21.0-1.3.9/com.corosus.coroutil.loader.neoforge.ModConfigDataNeoForge.getConfigBoolean(ModConfigDataNeoForge.java:40)
[20Aug2026 19:14:12.927] [Render thread/INFO] [STDERR/]: [java.lang.Throwable:printStackTrace:651]: 	at TRANSFORMER/coroutil@1.21.0-1.3.9/com.corosus.modconfig.ModConfigData.processFieldFromForgeConfig(ModConfigData.java:65)
[20Aug2026 19:14:12.927] [Render thread/INFO] [STDERR/]: [java.lang.Throwable:printStackTrace:651]: 	at TRANSFORMER/coroutil@1.21.0-1.3.9/com.corosus.modconfig.ModConfigData.updateConfigFieldValues(ModConfigData.java:47)
[20Aug2026 19:14:12.927] [Render thread/INFO] [STDERR/]: [java.lang.Throwable:printStackTrace:651]: 	at TRANSFORMER/coroutil@1.21.0-1.3.9/com.corosus.modconfig.CoroConfigRegistry.updateAllConfigsFromForge(CoroConfigRegistry.java:57)
[20Aug2026 19:14:12.927] [Render thread/INFO] [STDERR/]: [java.lang.Throwable:printStackTrace:651]: 	at TRANSFORMER/coroutil@1.21.0-1.3.9/com.corosus.modconfig.CoroConfigRegistry.allModsConfigsLoadedAndRegisteredHook(CoroConfigRegistry.java:37)
[20Aug2026 19:14:12.927] [Render thread/INFO] [STDERR/]: [java.lang.Throwable:printStackTrace:651]: 	at TRANSFORMER/coroutil@1.21.0-1.3.9/com.corosus.coroutil.loader.neoforge.ClientEvents.onGameTick(ClientEvents.java:13)
[20Aug2026 19:14:12.927] [Render thread/INFO] [STDERR/]: [java.lang.Throwable:printStackTrace:651]: 	at MC-BOOTSTRAP/net.neoforged.bus/net.neoforged.bus.ConsumerEventHandler.invoke(ConsumerEventHandler.java:27)
[20Aug2026 19:14:12.927] [Render thread/INFO] [STDERR/]: [java.lang.Throwable:printStackTrace:651]: 	at MC-BOOTSTRAP/net.neoforged.bus/net.neoforged.bus.EventBus.post(EventBus.java:360)
[20Aug2026 19:14:12.927] [Render thread/INFO] [STDERR/]: [java.lang.Throwable:printStackTrace:651]: 	at MC-BOOTSTRAP/net.neoforged.bus/net.neoforged.bus.EventBus.post(EventBus.java:328)
[20Aug2026 19:14:12.927] [Render thread/INFO] [STDERR/]: [java.lang.Throwable:printStackTrace:651]: 	at TRANSFORMER/neoforge@21.1.248/net.neoforged.neoforge.client.ClientHooks.fireClientTickPost(ClientHooks.java:1077)
[20Aug2026 19:14:12.927] [Render thread/INFO] [STDERR/]: [java.lang.Throwable:printStackTrace:651]: 	at TRANSFORMER/minecraft@1.21.1/net.minecraft.client.Minecraft.tick(Minecraft.java:1915)
[20Aug2026 19:14:12.928] [Render thread/INFO] [STDERR/]: [java.lang.Throwable:printStackTrace:651]: 	at TRANSFORMER/minecraft@1.21.1/net.minecraft.client.Minecraft.runTick(Minecraft.java:1161)
[20Aug2026 19:14:12.928] [Render thread/INFO] [STDERR/]: [java.lang.Throwable:printStackTrace:651]: 	at TRANSFORMER/minecraft@1.21.1/net.minecraft.client.Minecraft.run(Minecraft.java:807)
[20Aug2026 19:14:12.928] [Render thread/INFO] [STDERR/]: [java.lang.Throwable:printStackTrace:651]: 	at TRANSFORMER/minecraft@1.21.1/net.minecraft.client.main.Main.main(Main.java:230)
[20Aug2026 19:14:12.928] [Render thread/INFO] [STDERR/]: [java.lang.Throwable:printStackTrace:651]: 	at java.base/jdk.internal.reflect.DirectMethodHandleAccessor.invoke(DirectMethodHandleAccessor.java:103)
[20Aug2026 19:14:12.928] [Render thread/INFO] [STDERR/]: [java.lang.Throwable:printStackTrace:651]: 	at java.base/java.lang.reflect.Method.invoke(Method.java:580)
[20Aug2026 19:14:12.928] [Render thread/INFO] [STDERR/]: [java.lang.Throwable:printStackTrace:651]: 	at MC-BOOTSTRAP/fml_loader@4.0.43/net.neoforged.fml.loading.targets.CommonLaunchHandler.runTarget(CommonLaunchHandler.java:136)
[20Aug2026 19:14:12.928] [Render thread/INFO] [STDERR/]: [java.lang.Throwable:printStackTrace:651]: 	at MC-BOOTSTRAP/fml_loader@4.0.43/net.neoforged.fml.loading.targets.CommonLaunchHandler.clientService(CommonLaunchHandler.java:124)
[20Aug2026 19:14:12.928] [Render thread/INFO] [STDERR/]: [java.lang.Throwable:printStackTrace:651]: 	at MC-BOOTSTRAP/fml_loader@4.0.43/net.neoforged.fml.loading.targets.CommonClientLaunchHandler.runService(CommonClientLaunchHandler.java:32)
[20Aug2026 19:14:12.928] [Render thread/INFO] [STDERR/]: [java.lang.Throwable:printStackTrace:651]: 	at MC-BOOTSTRAP/fml_loader@4.0.43/net.neoforged.fml.loading.targets.CommonLaunchHandler.lambda$launchService$4(CommonLaunchHandler.java:118)
[20Aug2026 19:14:12.928] [Render thread/INFO] [STDERR/]: [java.lang.Throwable:printStackTrace:651]: 	at MC-BOOTSTRAP/cpw.mods.modlauncher@11.0.5/cpw.mods.modlauncher.LaunchServiceHandlerDecorator.launch(LaunchServiceHandlerDecorator.java:30)
[20Aug2026 19:14:12.928] [Render thread/INFO] [STDERR/]: [java.lang.Throwable:printStackTrace:651]: 	at MC-BOOTSTRAP/cpw.mods.modlauncher@11.0.5/cpw.mods.modlauncher.LaunchServiceHandler.launch(LaunchServiceHandler.java:53)
[20Aug2026 19:14:12.928] [Render thread/INFO] [STDERR/]: [java.lang.Throwable:printStackTrace:651]: 	at MC-BOOTSTRAP/cpw.mods.modlauncher@11.0.5/cpw.mods.modlauncher.LaunchServiceHandler.launch(LaunchServiceHandler.java:71)
[20Aug2026 19:14:12.928] [Render thread/INFO] [STDERR/]: [java.lang.Throwable:printStackTrace:651]: 	at MC-BOOTSTRAP/cpw.mods.modlauncher@11.0.5/cpw.mods.modlauncher.Launcher.run(Launcher.java:103)
[20Aug2026 19:14:12.928] [Render thread/INFO] [STDERR/]: [java.lang.Throwable:printStackTrace:651]: 	at MC-BOOTSTRAP/cpw.mods.modlauncher@11.0.5/cpw.mods.modlauncher.Launcher.main(Launcher.java:74)
[20Aug2026 19:14:12.928] [Render thread/INFO] [STDERR/]: [java.lang.Throwable:printStackTrace:651]: 	at MC-BOOTSTRAP/cpw.mods.modlauncher@11.0.5/cpw.mods.modlauncher.BootstrapLaunchConsumer.accept(BootstrapLaunchConsumer.java:26)
[20Aug2026 19:14:12.928] [Render thread/INFO] [STDERR/]: [java.lang.Throwable:printStackTrace:651]: 	at MC-BOOTSTRAP/cpw.mods.modlauncher@11.0.5/cpw.mods.modlauncher.BootstrapLaunchConsumer.accept(BootstrapLaunchConsumer.java:23)
[20Aug2026 19:14:12.928] [Render thread/INFO] [STDERR/]: [java.lang.Throwable:printStackTrace:651]: 	at cpw.mods.bootstraplauncher@2.0.2/cpw.mods.bootstraplauncher.BootstrapLauncher.run(BootstrapLauncher.java:210)
[20Aug2026 19:14:12.929] [Render thread/INFO] [STDERR/]: [java.lang.Throwable:printStackTrace:651]: 	at cpw.mods.bootstraplauncher@2.0.2/cpw.mods.bootstraplauncher.BootstrapLauncher.main(BootstrapLauncher.java:69)
[20Aug2026 19:14:12.986] [Worker-ResourceReload-9/ERROR] [net.neoforged.fml.ModLoader/]: Cowardly refusing to send event net.neoforged.neoforge.client.event.ModelEvent$RegisterAdditional to a broken mod state
[20Aug2026 19:14:13.010] [DefaultDispatcher-worker-17/INFO] [Essential Logger/]: Connected to Discord as bramdeman111
[20Aug2026 19:14:13.428] [Worker-ResourceReload-9/ERROR] [net.neoforged.fml.ModLoader/]: Cowardly refusing to send event net.neoforged.neoforge.client.event.ModelEvent$ModifyBakingResult to a broken mod state
[20Aug2026 19:14:13.467] [Render thread/ERROR] [dev.ftb.mods.ftbquests.quest.theme.ThemeLoader/]: FTB Quests theme file is missing! Some mod has broken resource loading, inspect log for errors
[20Aug2026 19:14:13.472] [Render thread/ERROR] [net.neoforged.fml.ModLoader/]: Cowardly refusing to send event dev.engine_room.flywheel.api.event.EndClientResourceReloadEvent to a broken mod state
[20Aug2026 19:14:13.523] [Render thread/ERROR] [net.minecraft.client.Minecraft/FATAL]: Reported exception thrown!
net.minecraft.ReportedException: Rendering overlay
	at TRANSFORMER/minecraft@1.21.1/net.minecraft.client.renderer.GameRenderer.render(GameRenderer.java:1086) ~[client-1.21.1-20240808.144430-srg.jar%23389!/:?]
	at TRANSFORMER/minecraft@1.21.1/net.minecraft.client.Minecraft.runTick(Minecraft.java:1195) ~[client-1.21.1-20240808.144430-srg.jar%23389!/:?]
	at TRANSFORMER/minecraft@1.21.1/net.minecraft.client.Minecraft.run(Minecraft.java:807) ~[client-1.21.1-20240808.144430-srg.jar%23389!/:?]
	at TRANSFORMER/minecraft@1.21.1/net.minecraft.client.main.Main.main(Main.java:230) ~[client-1.21.1-20240808.144430-srg.jar%23389!/:?]
	at java.base/jdk.internal.reflect.DirectMethodHandleAccessor.invoke(DirectMethodHandleAccessor.java:103) ~[?:?]
	at java.base/java.lang.reflect.Method.invoke(Method.java:580) ~[?:?]
	at MC-BOOTSTRAP/fml_loader@4.0.43/net.neoforged.fml.loading.targets.CommonLaunchHandler.runTarget(CommonLaunchHandler.java:136) ~[loader-4.0.43.jar%23107!/:4.0]
	at MC-BOOTSTRAP/fml_loader@4.0.43/net.neoforged.fml.loading.targets.CommonLaunchHandler.clientService(CommonLaunchHandler.java:124) ~[loader-4.0.43.jar%23107!/:4.0]
	at MC-BOOTSTRAP/fml_loader@4.0.43/net.neoforged.fml.loading.targets.CommonClientLaunchHandler.runService(CommonClientLaunchHandler.java:32) ~[loader-4.0.43.jar%23107!/:4.0]
	at MC-BOOTSTRAP/fml_loader@4.0.43/net.neoforged.fml.loading.targets.CommonLaunchHandler.lambda$launchService$4(CommonLaunchHandler.java:118) ~[loader-4.0.43.jar%23107!/:4.0]
	at MC-BOOTSTRAP/cpw.mods.modlauncher@11.0.5/cpw.mods.modlauncher.LaunchServiceHandlerDecorator.launch(LaunchServiceHandlerDecorator.java:30) [modlauncher-11.0.5.jar%23112!/:?]
	at MC-BOOTSTRAP/cpw.mods.modlauncher@11.0.5/cpw.mods.modlauncher.LaunchServiceHandler.launch(LaunchServiceHandler.java:53) [modlauncher-11.0.5.jar%23112!/:?]
	at MC-BOOTSTRAP/cpw.mods.modlauncher@11.0.5/cpw.mods.modlauncher.LaunchServiceHandler.launch(LaunchServiceHandler.java:71) [modlauncher-11.0.5.jar%23112!/:?]
	at MC-BOOTSTRAP/cpw.mods.modlauncher@11.0.5/cpw.mods.modlauncher.Launcher.run(Launcher.java:103) [modlauncher-11.0.5.jar%23112!/:?]
	at MC-BOOTSTRAP/cpw.mods.modlauncher@11.0.5/cpw.mods.modlauncher.Launcher.main(Launcher.java:74) [modlauncher-11.0.5.jar%23112!/:?]
	at MC-BOOTSTRAP/cpw.mods.modlauncher@11.0.5/cpw.mods.modlauncher.BootstrapLaunchConsumer.accept(BootstrapLaunchConsumer.java:26) [modlauncher-11.0.5.jar%23112!/:?]
	at MC-BOOTSTRAP/cpw.mods.modlauncher@11.0.5/cpw.mods.modlauncher.BootstrapLaunchConsumer.accept(BootstrapLaunchConsumer.java:23) [modlauncher-11.0.5.jar%23112!/:?]
	at cpw.mods.bootstraplauncher@2.0.2/cpw.mods.bootstraplauncher.BootstrapLauncher.run(BootstrapLauncher.java:210) [bootstraplauncher-2.0.2.jar:?]
	at cpw.mods.bootstraplauncher@2.0.2/cpw.mods.bootstraplauncher.BootstrapLauncher.main(BootstrapLauncher.java:69) [bootstraplauncher-2.0.2.jar:?]
Caused by: java.util.NoSuchElementException
	at java.base/java.util.LinkedHashMap$LinkedHashIterator.nextNode(LinkedHashMap.java:1025) ~[?:?]
	at java.base/java.util.LinkedHashMap$LinkedValueIterator.next(LinkedHashMap.java:1052) ~[?:?]
	at TRANSFORMER/ftbquests@2101.1.33/dev.ftb.mods.ftbquests.quest.QuestShape.reload(QuestShape.java:46) ~[ftb-quests-neoforge-2101.1.33.jar%23500!/:2101.1.33]
	at TRANSFORMER/ftbquests@2101.1.33/dev.ftb.mods.ftbquests.quest.theme.ThemeLoader.loadTheme(ThemeLoader.java:60) ~[ftb-quests-neoforge-2101.1.33.jar%23500!/:2101.1.33]
	at TRANSFORMER/ftbquests@2101.1.33/dev.ftb.mods.ftbquests.quest.theme.ThemeLoader.onResourceManagerReload(ThemeLoader.java:32) ~[ftb-quests-neoforge-2101.1.33.jar%23500!/:2101.1.33]
	at TRANSFORMER/minecraft@1.21.1/net.minecraft.server.packs.resources.ResourceManagerReloadListener.lambda$reload$0(ResourceManagerReloadListener.java:15) ~[client-1.21.1-20240808.144430-srg.jar%23389!/:?]
	at java.base/java.util.concurrent.CompletableFuture$UniRun.tryFire(CompletableFuture.java:787) ~[?:?]
	at java.base/java.util.concurrent.CompletableFuture$Completion.run(CompletableFuture.java:482) ~[?:?]
	at TRANSFORMER/minecraft@1.21.1/net.minecraft.server.packs.resources.SimpleReloadInstance.lambda$new$3(SimpleReloadInstance.java:69) ~[client-1.21.1-20240808.144430-srg.jar%23389!/:?]
	at TRANSFORMER/minecraft@1.21.1/net.minecraft.util.thread.BlockableEventLoop.doRunTask(BlockableEventLoop.java:148) ~[client-1.21.1-20240808.144430-srg.jar%23389!/:?]
	at TRANSFORMER/minecraft@1.21.1/net.minecraft.util.thread.ReentrantBlockableEventLoop.doRunTask(ReentrantBlockableEventLoop.java:23) ~[client-1.21.1-20240808.144430-srg.jar%23389!/:?]
	at TRANSFORMER/minecraft@1.21.1/net.minecraft.util.thread.BlockableEventLoop.pollTask(BlockableEventLoop.java:122) ~[client-1.21.1-20240808.144430-srg.jar%23389!/:?]
	at TRANSFORMER/minecraft@1.21.1/net.minecraft.util.thread.BlockableEventLoop.runAllTasks(BlockableEventLoop.java:111) ~[client-1.21.1-20240808.144430-srg.jar%23389!/:?]
	at TRANSFORMER/minecraft@1.21.1/net.minecraft.client.Minecraft.runTick(Minecraft.java:1155) ~[client-1.21.1-20240808.144430-srg.jar%23389!/:?]
	... 17 more
[20Aug2026 19:14:13.809] [Render thread/ERROR] [net.neoforged.bus.EventBus/EVENTBUS]: Exception caught during firing event: Cannot invoke "foundry.veil.api.client.render.VeilRenderer.getLightRenderer()" because the return value of "foundry.veil.api.client.render.VeilRenderSystem.renderer()" is null
	Index: 5
	Listeners:
		0: net.neoforged.bus.EventListenerFactory$event/0x000001d54f078c00@81e6f3
		1: net.neoforged.neoforge.client.ClientNeoForgeMod$$Lambda/0x000001d54d6e4758@3a4283f5
		2: net.liukrast.deployer.lib.DeployerClient$$Lambda/0x000001d54d848278@3a3ecba
		3: net.blay09.mods.balm.neoforge.event.NeoForgeBalmClientEvents$$Lambda/0x000001d54d9841f0@4a349359
		4: mezz.jei.neoforge.startup.StartEventObserver$$Lambda/0x000001d54dca4c80@28e8bf08
		5: net.neoforged.bus.EventListenerFactory$clientDisconnected/0x000001d54dd1d400@7acf7bcf
		6: net.p3pp3rf1y.sophisticatedbackpacks.client.ClientEventHandler$$Lambda/0x000001d54e9c2ea8@57b7c765
		7: rbasamoyai.createbigcannons.CBCClientNeoForge$$Lambda/0x000001d54e9eed08@50c45300
		8: snownee.jade.util.ClientProxy$$Lambda/0x000001d54ef0f920@300535f6
		9: net.mehvahdjukaar.moonlight.platform.MoonlightForgeClient$$Lambda/0x000001d54f2b4c70@eaae26f
		10: net.neoforged.bus.EventListenerFactory$onLogout/0x000001d54f2c4400@7409bd3c
		11: net.neoforged.bus.EventListenerFactory$onClientLogout/0x000001d54f30c800@58d450b7
		12: net.neoforged.bus.EventListenerFactory$loggingOut/0x000001d54f975000@576d8320
		13: net.neoforged.bus.EventListenerFactory$onLeave/0x000001d54fc05800@56fd8b01
		14: dev.ryanhcode.sable.neoforge.SableNeoForgeClient$$Lambda/0x000001d54fe70f38@72fc8abd
		15: com.enxv.aerouniversaljoint.client.ToolgunCompatibilityNotice$$Lambda/0x000001d54ff2d7a8@29ef3dc
java.lang.NullPointerException: Cannot invoke "foundry.veil.api.client.render.VeilRenderer.getLightRenderer()" because the return value of "foundry.veil.api.client.render.VeilRenderSystem.renderer()" is null
	at TRANSFORMER/veil@4.4.1/foundry.veil.forge.VeilForgeClientEvents.clientDisconnected(VeilForgeClientEvents.java:45)
	at MC-BOOTSTRAP/net.neoforged.bus/net.neoforged.bus.EventBus.post(EventBus.java:360)
	at MC-BOOTSTRAP/net.neoforged.bus/net.neoforged.bus.EventBus.post(EventBus.java:328)
	at TRANSFORMER/neoforge@21.1.248/net.neoforged.neoforge.client.ClientHooks.firePlayerLogout(ClientHooks.java:727)
	at TRANSFORMER/minecraft@1.21.1/net.minecraft.client.Minecraft.disconnect(Minecraft.java:2152)
	at TRANSFORMER/minecraft@1.21.1/net.minecraft.client.Minecraft.disconnect(Minecraft.java:2131)
	at TRANSFORMER/minecraft@1.21.1/net.minecraft.client.Minecraft.emergencySave(Minecraft.java:1367)
	at TRANSFORMER/minecraft@1.21.1/net.minecraft.client.Minecraft.emergencySaveAndCrash(Minecraft.java:869)
	at TRANSFORMER/minecraft@1.21.1/net.minecraft.client.Minecraft.run(Minecraft.java:825)
	at TRANSFORMER/minecraft@1.21.1/net.minecraft.client.main.Main.main(Main.java:230)
	at java.base/jdk.internal.reflect.DirectMethodHandleAccessor.invoke(DirectMethodHandleAccessor.java:103)
	at java.base/java.lang.reflect.Method.invoke(Method.java:580)
	at MC-BOOTSTRAP/fml_loader@4.0.43/net.neoforged.fml.loading.targets.CommonLaunchHandler.runTarget(CommonLaunchHandler.java:136)
	at MC-BOOTSTRAP/fml_loader@4.0.43/net.neoforged.fml.loading.targets.CommonLaunchHandler.clientService(CommonLaunchHandler.java:124)
	at MC-BOOTSTRAP/fml_loader@4.0.43/net.neoforged.fml.loading.targets.CommonClientLaunchHandler.runService(CommonClientLaunchHandler.java:32)
	at MC-BOOTSTRAP/fml_loader@4.0.43/net.neoforged.fml.loading.targets.CommonLaunchHandler.lambda$launchService$4(CommonLaunchHandler.java:118)
	at MC-BOOTSTRAP/cpw.mods.modlauncher@11.0.5/cpw.mods.modlauncher.LaunchServiceHandlerDecorator.launch(LaunchServiceHandlerDecorator.java:30)
	at MC-BOOTSTRAP/cpw.mods.modlauncher@11.0.5/cpw.mods.modlauncher.LaunchServiceHandler.launch(LaunchServiceHandler.java:53)
	at MC-BOOTSTRAP/cpw.mods.modlauncher@11.0.5/cpw.mods.modlauncher.LaunchServiceHandler.launch(LaunchServiceHandler.java:71)
	at MC-BOOTSTRAP/cpw.mods.modlauncher@11.0.5/cpw.mods.modlauncher.Launcher.run(Launcher.java:103)
	at MC-BOOTSTRAP/cpw.mods.modlauncher@11.0.5/cpw.mods.modlauncher.Launcher.main(Launcher.java:74)
	at MC-BOOTSTRAP/cpw.mods.modlauncher@11.0.5/cpw.mods.modlauncher.BootstrapLaunchConsumer.accept(BootstrapLaunchConsumer.java:26)
	at MC-BOOTSTRAP/cpw.mods.modlauncher@11.0.5/cpw.mods.modlauncher.BootstrapLaunchConsumer.accept(BootstrapLaunchConsumer.java:23)
	at cpw.mods.bootstraplauncher@2.0.2/cpw.mods.bootstraplauncher.BootstrapLauncher.run(BootstrapLauncher.java:210)
	at cpw.mods.bootstraplauncher@2.0.2/cpw.mods.bootstraplauncher.BootstrapLauncher.main(BootstrapLauncher.java:69)

[20Aug2026 19:14:13.999] [Render thread/FATAL] [net.neoforged.neoforge.common.NeoForgeMod/]: Preparing crash report with UUID 96d90143-bd1c-444b-b6e8-6e6e00482f7d
[20Aug2026 19:14:14.000] [Render thread/INFO] [STDOUT/]: [net.minecraft.server.Bootstrap:realStdoutPrintln:135]: ---- Minecraft Crash Report ----

// Hi. I'm Connector, and I'm a crashaholic
=========================
SINYTRA CONNECTOR IS PRESENT!
Please verify issues are not caused by Connector before reporting them to mod authors.
If you're unsure, file a report on Connector's issue tracker found at https://github.com/Sinytra/Connector/issues.
=========================



// someone please advice devs that pancakes are serve
Please make sure this issue is not caused by Sable before reporting it to other mod authors.
If you cannot reproduce it without Sable, file a report on the issue tracker
https://github.com/ryanhcode/sable/issues

// There are four lights!

Time: 2026-08-20 19:14:13
Description: Rendering overlay

java.util.NoSuchElementException: null
	at java.base/java.util.LinkedHashMap$LinkedHashIterator.nextNode(LinkedHashMap.java:1025) ~[?:?] {}
	at java.base/java.util.LinkedHashMap$LinkedValueIterator.next(LinkedHashMap.java:1052) ~[?:?] {}
	at TRANSFORMER/ftbquests@2101.1.33/dev.ftb.mods.ftbquests.quest.QuestShape.reload(QuestShape.java:46) ~[ftb-quests-neoforge-2101.1.33.jar%23500!/:2101.1.33] {re:classloading}
	at TRANSFORMER/ftbquests@2101.1.33/dev.ftb.mods.ftbquests.quest.theme.ThemeLoader.loadTheme(ThemeLoader.java:60) ~[ftb-quests-neoforge-2101.1.33.jar%23500!/:2101.1.33] {re:classloading}
	at TRANSFORMER/ftbquests@2101.1.33/dev.ftb.mods.ftbquests.quest.theme.ThemeLoader.onResourceManagerReload(ThemeLoader.java:32) ~[ftb-quests-neoforge-2101.1.33.jar%23500!/:2101.1.33] {re:classloading}
	at TRANSFORMER/minecraft@1.21.1/net.minecraft.server.packs.resources.ResourceManagerReloadListener.lambda$reload$0(ResourceManagerReloadListener.java:15) ~[client-1.21.1-20240808.144430-srg.jar%23389!/:?] {re:mixin,pl:connector_pre_launch:A,re:computing_frames,pl:connector_pre_launch:A,re:classloading,pl:connector_pre_launch:A}
	at java.base/java.util.concurrent.CompletableFuture$UniRun.tryFire(CompletableFuture.java:787) ~[?:?] {}
	at java.base/java.util.concurrent.CompletableFuture$Completion.run(CompletableFuture.java:482) ~[?:?] {}
	at TRANSFORMER/minecraft@1.21.1/net.minecraft.server.packs.resources.SimpleReloadInstance.lambda$new$3(SimpleReloadInstance.java:69) ~[client-1.21.1-20240808.144430-srg.jar%23389!/:?] {re:mixin,pl:accesstransformer:B,pl:connector_pre_launch:A,re:classloading,pl:accesstransformer:B,pl:mixin:APP:modernfix-modernfix.mixins.json:feature.measure_time.SimpleReloadInstanceMixin from mod modernfix,pl:mixin:APP:veil.debug.mixins.json:SimpleReloadInstanceMixin from mod veil,pl:mixin:APP:lavender.mixins.json:SimpleResourceReloadMixin from mod lavender,pl:mixin:APP:fabric-resource-loader-v0.mixins.json:SimpleResourceReloadMixin from mod fabric_resource_loader_v0,pl:mixin:A,pl:connector_pre_launch:A}
	at TRANSFORMER/minecraft@1.21.1/net.minecraft.util.thread.BlockableEventLoop.doRunTask(BlockableEventLoop.java:148) ~[client-1.21.1-20240808.144430-srg.jar%23389!/:?] {re:mixin,pl:accesstransformer:B,pl:connector_pre_launch:A,re:computing_frames,pl:accesstransformer:B,pl:connector_pre_launch:A,re:classloading,pl:accesstransformer:B,pl:mixin:APP:mixins.essential.json:client.Mixin_ThreadTaskExecutor from mod (unknown),pl:mixin:A,pl:connector_pre_launch:A}
	at TRANSFORMER/minecraft@1.21.1/net.minecraft.util.thread.ReentrantBlockableEventLoop.doRunTask(ReentrantBlockableEventLoop.java:23) ~[client-1.21.1-20240808.144430-srg.jar%23389!/:?] {re:mixin,pl:connector_pre_launch:A,re:computing_frames,pl:connector_pre_launch:A,re:classloading,pl:connector_pre_launch:A}
	at TRANSFORMER/minecraft@1.21.1/net.minecraft.util.thread.BlockableEventLoop.pollTask(BlockableEventLoop.java:122) ~[client-1.21.1-20240808.144430-srg.jar%23389!/:?] {re:mixin,pl:accesstransformer:B,pl:connector_pre_launch:A,re:computing_frames,pl:accesstransformer:B,pl:connector_pre_launch:A,re:classloading,pl:accesstransformer:B,pl:mixin:APP:mixins.essential.json:client.Mixin_ThreadTaskExecutor from mod (unknown),pl:mixin:A,pl:connector_pre_launch:A}
	at TRANSFORMER/minecraft@1.21.1/net.minecraft.util.thread.BlockableEventLoop.runAllTasks(BlockableEventLoop.java:111) ~[client-1.21.1-20240808.144430-srg.jar%23389!/:?] {re:mixin,pl:accesstransformer:B,pl:connector_pre_launch:A,re:computing_frames,pl:accesstransformer:B,pl:connector_pre_launch:A,re:classloading,pl:accesstransformer:B,pl:mixin:APP:mixins.essential.json:client.Mixin_ThreadTaskExecutor from mod (unknown),pl:mixin:A,pl:connector_pre_launch:A}
	at TRANSFORMER/minecraft@1.21.1/net.minecraft.client.Minecraft.runTick(Minecraft.java:1155) ~[client-1.21.1-20240808.144430-srg.jar%23389!/:?] {re:mixin,pl:accesstransformer:B,pl:connector_pre_launch:A,pl:runtimedistcleaner:A,re:mixin,pl:accesstransformer:B,pl:connector_pre_launch:A,pl:runtimedistcleaner:A,re:mixin,pl:accesstransformer:B,pl:connector_pre_launch:A,pl:runtimedistcleaner:A,re:mixin,pl:accesstransformer:B,pl:connector_pre_launch:A,pl:runtimedistcleaner:A,re:classloading,pl:accesstransformer:B,pl:mixin:APP:mixins.essential.json:compatibility.vanilla.Mixin_CheckThreadSafetyOfOpenScreenMethod from mod (unknown),pl:mixin:APP:alexscaves.mixins.json:client.MinecraftMixin from mod alexscaves,pl:mixin:APP:owo.mixins.json:MinecraftClientMixin from mod owo,pl:mixin:APP:crash_assistant.mixins.json:MinecraftMixin from mod crash_assistant,pl:mixin:APP:create_break.mixins.json:TestMixin from mod create_break,pl:mixin:APP:modernfix-modernfix.mixins.json:bugfix.world_leaks.MinecraftMixin from mod modernfix,pl:mixin:APP:modernfix-modernfix.mixins.json:feature.measure_time.MinecraftMixin_Forge from mod modernfix,pl:mixin:APP:modernfix-modernfix.mixins.json:feature.measure_time.MinecraftMixin from mod modernfix,pl:mixin:APP:modernfix-modernfix.mixins.json:perf.encoder_cache_leak.MinecraftMixin from mod modernfix,pl:mixin:APP:modernfix-modernfix.mixins.json:perf.suspend_integrated_server_during_load.MinecraftMixin from mod modernfix,pl:mixin:APP:modernfix-modernfix.mixins.json:perf.dedicated_reload_executor.MinecraftMixin from mod modernfix,pl:mixin:APP:mixins.iris.json:MixinMinecraft_Images from mod iris,pl:mixin:APP:mixins.iris.json:MixinMinecraft_Keybinds from mod iris,pl:mixin:APP:mixins.iris.json:MixinMinecraft_PipelineManagement from mod iris,pl:mixin:APP:veil.debug.mixins.json:client.DebugMinecraftMixin from mod veil,pl:mixin:APP:veil.pipeline.mixins.json:client.PipelineMinecraftMixin from mod veil,pl:mixin:APP:veil.neoforge.mixins.json:client.MinecraftMixin from mod veil,pl:mixin:APP:balm.neoforge.mixins.json:MinecraftMixin from mod balm,pl:mixin:APP:fabric-screen-api-v1.mixins.json:MinecraftClientMixin from mod fabric_screen_api_v1,pl:mixin:APP:ldlib2.mixins.json:accessor.MinecraftAccessor from mod ldlib2,pl:mixin:APP:transition.mixins.json:EntityRenderStateMixin from mod transition,pl:mixin:APP:transition.mixins.json:EntityRendererMixin from mod transition,pl:mixin:APP:transition.mixins.json:BlockEntityRenderStateMixin from mod transition,pl:mixin:APP:transition.mixins.json:MinecraftMixin from mod transition,pl:mixin:APP:lithium-neoforge.mixins.json:startup.MinecraftMixin from mod lithium,pl:mixin:APP:aeronautics.mixins.json:custom_situational_music.MinecraftMixin from mod aeronautics,pl:mixin:APP:lavender.mixins.json:MinecraftClientMixin from mod lavender,pl:mixin:APP:sodium-common.mixins.json:core.MinecraftMixin from mod sodium,pl:mixin:APP:sodium-neoforge.mixins.json:platform.neoforge.EntrypointMixin from mod sodium,pl:mixin:APP:xaerohud.mixins.json:MixinMinecraftClient from mod xaerominimap,pl:mixin:APP:entityculling.mixins.json:DebugScreenEntriesAccessor from mod entityculling,pl:mixin:APP:entityculling.mixins.json:LivingEntityRendererAccessor from mod entityculling,pl:mixin:APP:immediatelyfast-common.mixins.json:core.MixinMinecraftClient from mod immediatelyfast,pl:mixin:APP:simulatedcoasters.mixins.json:MinecraftPickBlockAnchorMixin from mod simulatedcoasters,pl:mixin:APP:simulatedcoasters.mixins.json:MinecraftPickBlockFakeTrackMixin from mod simulatedcoasters,pl:mixin:APP:simulatedcoasters.mixins.json:MinecraftCoasterCurvePickMixin from mod simulatedcoasters,pl:mixin:APP:ntgl.mixin.json:ntgl.client.MinecraftMixin from mod ntgl,pl:mixin:APP:xaeroworldmap.mixins.json:MixinMinecraftClient from mod xaeroworldmap,pl:mixin:APP:xaeroworldmap.neoforge.mixins.json:MixinForgeMinecraftClient from mod xaeroworldmap,pl:mixin:APP:simulated.mixins.json:handle.MinecraftMixin from mod simulated,pl:mixin:APP:carryon.mixins.json:MinecraftMixin from mod carryon,pl:mixin:APP:entity_model_features.mixins.json:MixinResourceReloadStart from mod entity_model_features,pl:mixin:APP:entity_model_features.mixins.json:accessor.MinecraftClientAccessor from mod entity_model_features,pl:mixin:APP:entity_texture_features.mixins.json:reloading.MixinMinecraftClient from mod entity_texture_features,pl:mixin:APP:entity_texture_features.mixins.json:reloading.MixinResourceReload from mod entity_texture_features,pl:mixin:APP:fabric-networking-api-v1.client.mixins.json:accessor.MinecraftClientAccessor from mod fabric_networking_api_v1,pl:mixin:APP:fabric-lifecycle-events-v1.client.mixins.json:MinecraftClientMixin from mod fabric_lifecycle_events_v1,pl:mixin:APP:kubejs.mixins.json:MinecraftClientMixin from mod kubejs,pl:mixin:APP:owo.mixins.json:ui.MinecraftClientMixin from mod owo,pl:mixin:APP:DistantHorizons.neoforge.mixins.json:client.MixinMinecraft from mod distanthorizons,pl:mixin:APP:dragonlib.mixins.json:MinecraftMixin from mod dragonlib,pl:mixin:APP:architectury.mixins.json:MixinMinecraft from mod architectury,pl:mixin:APP:moonlight-common.mixins.json:MinecraftMixin from mod moonlight,pl:mixin:APP:flywheel.impl.mixins.json:MinecraftMixin from mod flywheel,pl:mixin:APP:ponder-common.mixins.json:client.WindowResizeMixin from mod ponder,pl:mixin:APP:create.mixins.json:accessor.MinecraftAccessor from mod create,pl:mixin:APP:sable.mixins.json:camera.new_camera_types.MinecraftMixin from mod sable,pl:mixin:APP:sable.mixins.json:plot.MinecraftMixin from mod sable,pl:mixin:APP:sable.mixins.json:punching.MinecraftMixin from mod sable,pl:mixin:APP:coasters_extras.mixins.json:PickBlockOurTrackMixin from mod coasters_extras,pl:mixin:APP:fabric-events-interaction-v0.client.mixins.json:MinecraftClientMixin from mod fabric_events_interaction_v0,pl:mixin:APP:sound_physics_remastered.mixins.json:MinecraftMixin from mod (unknown),pl:mixin:APP:mixins.essential.json:client.Mixin_IncreaseMenuFpsLimit from mod (unknown),pl:mixin:APP:mixins.essential.json:client.Mixin_RunEssentialTasks from mod (unknown),pl:mixin:APP:mixins.essential.json:client.MixinMinecraft from mod (unknown),pl:mixin:APP:mixins.essential.json:client.gui.Mixin_FixKeybindUnpressedInScreensThatAllowPlayerMovement from mod (unknown),pl:mixin:APP:mixins.essential.json:client.gui.Mixin_RecalculateMenuScale from mod (unknown),pl:mixin:APP:mixins.essential.json:client.gui.Mixin_UpdateWindowTitle_AddSPSTitle from mod (unknown),pl:mixin:APP:mixins.essential.json:client.gui.Mixin_UpdateWindowTitle_DisplayScreen from mod (unknown),pl:mixin:APP:mixins.essential.json:client.gui.Mixin_UpdateWindowTitle_LoadWorld from mod (unknown),pl:mixin:APP:mixins.essential.json:compatibility.vanilla.Mixin_FixDisconnectDuringResourcePackReload from mod (unknown),pl:mixin:APP:mixins.essential.json:compatibility.vanilla.Mixin_WorkaroundBrokenFramebufferBlitBlending from mod (unknown),pl:mixin:APP:mixins.essential.json:events.Mixin_RenderTickEvent_Final from mod (unknown),pl:mixin:APP:mixins.essential.json:client.gui.Mixin_AllowMovementDuringScreens_HandleKeybinds from mod (unknown),pl:mixin:APP:mixins.essential.json:feature.core.Mixin_GuiOpenedEvent from mod (unknown),pl:mixin:APP:mixins.essential.json:feature.core.Mixin_GuiOpenEvent from mod (unknown),pl:mixin:APP:mixins.essential.json:feature.skin_overwrites.MinecraftAccessor from mod (unknown),pl:mixin:APP:mixins.essential.json:feature.skin_overwrites.Mixin_InstallTrustingServicesKeyInfo from mod (unknown),pl:mixin:APP:modernfix-modernfix.mixins.json:feature.remove_telemetry.MinecraftMixin_Telemetry from mod modernfix,pl:mixin:APP:securitycraft.mixins.json:camera.MinecraftMixin from mod securitycraft,pl:mixin:APP:connector.mixins.json:boot.MinecraftMixin from mod connector,pl:mixin:A,pl:connector_pre_launch:A,pl:runtimedistcleaner:A}
	at TRANSFORMER/minecraft@1.21.1/net.minecraft.client.Minecraft.run(Minecraft.java:807) ~[client-1.21.1-20240808.144430-srg.jar%23389!/:?] {re:mixin,pl:accesstransformer:B,pl:connector_pre_launch:A,pl:runtimedistcleaner:A,re:mixin,pl:accesstransformer:B,pl:connector_pre_launch:A,pl:runtimedistcleaner:A,re:mixin,pl:accesstransformer:B,pl:connector_pre_launch:A,pl:runtimedistcleaner:A,re:mixin,pl:accesstransformer:B,pl:connector_pre_launch:A,pl:runtimedistcleaner:A,re:classloading,pl:accesstransformer:B,pl:mixin:APP:mixins.essential.json:compatibility.vanilla.Mixin_CheckThreadSafetyOfOpenScreenMethod from mod (unknown),pl:mixin:APP:alexscaves.mixins.json:client.MinecraftMixin from mod alexscaves,pl:mixin:APP:owo.mixins.json:MinecraftClientMixin from mod owo,pl:mixin:APP:crash_assistant.mixins.json:MinecraftMixin from mod crash_assistant,pl:mixin:APP:create_break.mixins.json:TestMixin from mod create_break,pl:mixin:APP:modernfix-modernfix.mixins.json:bugfix.world_leaks.MinecraftMixin from mod modernfix,pl:mixin:APP:modernfix-modernfix.mixins.json:feature.measure_time.MinecraftMixin_Forge from mod modernfix,pl:mixin:APP:modernfix-modernfix.mixins.json:feature.measure_time.MinecraftMixin from mod modernfix,pl:mixin:APP:modernfix-modernfix.mixins.json:perf.encoder_cache_leak.MinecraftMixin from mod modernfix,pl:mixin:APP:modernfix-modernfix.mixins.json:perf.suspend_integrated_server_during_load.MinecraftMixin from mod modernfix,pl:mixin:APP:modernfix-modernfix.mixins.json:perf.dedicated_reload_executor.MinecraftMixin from mod modernfix,pl:mixin:APP:mixins.iris.json:MixinMinecraft_Images from mod iris,pl:mixin:APP:mixins.iris.json:MixinMinecraft_Keybinds from mod iris,pl:mixin:APP:mixins.iris.json:MixinMinecraft_PipelineManagement from mod iris,pl:mixin:APP:veil.debug.mixins.json:client.DebugMinecraftMixin from mod veil,pl:mixin:APP:veil.pipeline.mixins.json:client.PipelineMinecraftMixin from mod veil,pl:mixin:APP:veil.neoforge.mixins.json:client.MinecraftMixin from mod veil,pl:mixin:APP:balm.neoforge.mixins.json:MinecraftMixin from mod balm,pl:mixin:APP:fabric-screen-api-v1.mixins.json:MinecraftClientMixin from mod fabric_screen_api_v1,pl:mixin:APP:ldlib2.mixins.json:accessor.MinecraftAccessor from mod ldlib2,pl:mixin:APP:transition.mixins.json:EntityRenderStateMixin from mod transition,pl:mixin:APP:transition.mixins.json:EntityRendererMixin from mod transition,pl:mixin:APP:transition.mixins.json:BlockEntityRenderStateMixin from mod transition,pl:mixin:APP:transition.mixins.json:MinecraftMixin from mod transition,pl:mixin:APP:lithium-neoforge.mixins.json:startup.MinecraftMixin from mod lithium,pl:mixin:APP:aeronautics.mixins.json:custom_situational_music.MinecraftMixin from mod aeronautics,pl:mixin:APP:lavender.mixins.json:MinecraftClientMixin from mod lavender,pl:mixin:APP:sodium-common.mixins.json:core.MinecraftMixin from mod sodium,pl:mixin:APP:sodium-neoforge.mixins.json:platform.neoforge.EntrypointMixin from mod sodium,pl:mixin:APP:xaerohud.mixins.json:MixinMinecraftClient from mod xaerominimap,pl:mixin:APP:entityculling.mixins.json:DebugScreenEntriesAccessor from mod entityculling,pl:mixin:APP:entityculling.mixins.json:LivingEntityRendererAccessor from mod entityculling,pl:mixin:APP:immediatelyfast-common.mixins.json:core.MixinMinecraftClient from mod immediatelyfast,pl:mixin:APP:simulatedcoasters.mixins.json:MinecraftPickBlockAnchorMixin from mod simulatedcoasters,pl:mixin:APP:simulatedcoasters.mixins.json:MinecraftPickBlockFakeTrackMixin from mod simulatedcoasters,pl:mixin:APP:simulatedcoasters.mixins.json:MinecraftCoasterCurvePickMixin from mod simulatedcoasters,pl:mixin:APP:ntgl.mixin.json:ntgl.client.MinecraftMixin from mod ntgl,pl:mixin:APP:xaeroworldmap.mixins.json:MixinMinecraftClient from mod xaeroworldmap,pl:mixin:APP:xaeroworldmap.neoforge.mixins.json:MixinForgeMinecraftClient from mod xaeroworldmap,pl:mixin:APP:simulated.mixins.json:handle.MinecraftMixin from mod simulated,pl:mixin:APP:carryon.mixins.json:MinecraftMixin from mod carryon,pl:mixin:APP:entity_model_features.mixins.json:MixinResourceReloadStart from mod entity_model_features,pl:mixin:APP:entity_model_features.mixins.json:accessor.MinecraftClientAccessor from mod entity_model_features,pl:mixin:APP:entity_texture_features.mixins.json:reloading.MixinMinecraftClient from mod entity_texture_features,pl:mixin:APP:entity_texture_features.mixins.json:reloading.MixinResourceReload from mod entity_texture_features,pl:mixin:APP:fabric-networking-api-v1.client.mixins.json:accessor.MinecraftClientAccessor from mod fabric_networking_api_v1,pl:mixin:APP:fabric-lifecycle-events-v1.client.mixins.json:MinecraftClientMixin from mod fabric_lifecycle_events_v1,pl:mixin:APP:kubejs.mixins.json:MinecraftClientMixin from mod kubejs,pl:mixin:APP:owo.mixins.json:ui.MinecraftClientMixin from mod owo,pl:mixin:APP:DistantHorizons.neoforge.mixins.json:client.MixinMinecraft from mod distanthorizons,pl:mixin:APP:dragonlib.mixins.json:MinecraftMixin from mod dragonlib,pl:mixin:APP:architectury.mixins.json:MixinMinecraft from mod architectury,pl:mixin:APP:moonlight-common.mixins.json:MinecraftMixin from mod moonlight,pl:mixin:APP:flywheel.impl.mixins.json:MinecraftMixin from mod flywheel,pl:mixin:APP:ponder-common.mixins.json:client.WindowResizeMixin from mod ponder,pl:mixin:APP:create.mixins.json:accessor.MinecraftAccessor from mod create,pl:mixin:APP:sable.mixins.json:camera.new_camera_types.MinecraftMixin from mod sable,pl:mixin:APP:sable.mixins.json:plot.MinecraftMixin from mod sable,pl:mixin:APP:sable.mixins.json:punching.MinecraftMixin from mod sable,pl:mixin:APP:coasters_extras.mixins.json:PickBlockOurTrackMixin from mod coasters_extras,pl:mixin:APP:fabric-events-interaction-v0.client.mixins.json:MinecraftClientMixin from mod fabric_events_interaction_v0,pl:mixin:APP:sound_physics_remastered.mixins.json:MinecraftMixin from mod (unknown),pl:mixin:APP:mixins.essential.json:client.Mixin_IncreaseMenuFpsLimit from mod (unknown),pl:mixin:APP:mixins.essential.json:client.Mixin_RunEssentialTasks from mod (unknown),pl:mixin:APP:mixins.essential.json:client.MixinMinecraft from mod (unknown),pl:mixin:APP:mixins.essential.json:client.gui.Mixin_FixKeybindUnpressedInScreensThatAllowPlayerMovement from mod (unknown),pl:mixin:APP:mixins.essential.json:client.gui.Mixin_RecalculateMenuScale from mod (unknown),pl:mixin:APP:mixins.essential.json:client.gui.Mixin_UpdateWindowTitle_AddSPSTitle from mod (unknown),pl:mixin:APP:mixins.essential.json:client.gui.Mixin_UpdateWindowTitle_DisplayScreen from mod (unknown),pl:mixin:APP:mixins.essential.json:client.gui.Mixin_UpdateWindowTitle_LoadWorld from mod (unknown),pl:mixin:APP:mixins.essential.json:compatibility.vanilla.Mixin_FixDisconnectDuringResourcePackReload from mod (unknown),pl:mixin:APP:mixins.essential.json:compatibility.vanilla.Mixin_WorkaroundBrokenFramebufferBlitBlending from mod (unknown),pl:mixin:APP:mixins.essential.json:events.Mixin_RenderTickEvent_Final from mod (unknown),pl:mixin:APP:mixins.essential.json:client.gui.Mixin_AllowMovementDuringScreens_HandleKeybinds from mod (unknown),pl:mixin:APP:mixins.essential.json:feature.core.Mixin_GuiOpenedEvent from mod (unknown),pl:mixin:APP:mixins.essential.json:feature.core.Mixin_GuiOpenEvent from mod (unknown),pl:mixin:APP:mixins.essential.json:feature.skin_overwrites.MinecraftAccessor from mod (unknown),pl:mixin:APP:mixins.essential.json:feature.skin_overwrites.Mixin_InstallTrustingServicesKeyInfo from mod (unknown),pl:mixin:APP:modernfix-modernfix.mixins.json:feature.remove_telemetry.MinecraftMixin_Telemetry from mod modernfix,pl:mixin:APP:securitycraft.mixins.json:camera.MinecraftMixin from mod securitycraft,pl:mixin:APP:connector.mixins.json:boot.MinecraftMixin from mod connector,pl:mixin:A,pl:connector_pre_launch:A,pl:runtimedistcleaner:A}
	at TRANSFORMER/minecraft@1.21.1/net.minecraft.client.main.Main.main(Main.java:230) ~[client-1.21.1-20240808.144430-srg.jar%23389!/:?] {re:mixin,pl:connector_pre_launch:A,pl:runtimedistcleaner:A,re:classloading,pl:mixin:APP:veil.debug.mixins.json:client.DebugMainMixin from mod veil,pl:mixin:A,pl:connector_pre_launch:A,pl:runtimedistcleaner:A}
	at java.base/jdk.internal.reflect.DirectMethodHandleAccessor.invoke(DirectMethodHandleAccessor.java:103) ~[?:?] {}
	at java.base/java.lang.reflect.Method.invoke(Method.java:580) ~[?:?] {re:mixin}
	at MC-BOOTSTRAP/fml_loader@4.0.43/net.neoforged.fml.loading.targets.CommonLaunchHandler.runTarget(CommonLaunchHandler.java:136) ~[loader-4.0.43.jar%23107!/:4.0] {}
	at MC-BOOTSTRAP/fml_loader@4.0.43/net.neoforged.fml.loading.targets.CommonLaunchHandler.clientService(CommonLaunchHandler.java:124) ~[loader-4.0.43.jar%23107!/:4.0] {}
	at MC-BOOTSTRAP/fml_loader@4.0.43/net.neoforged.fml.loading.targets.CommonClientLaunchHandler.runService(CommonClientLaunchHandler.java:32) ~[loader-4.0.43.jar%23107!/:4.0] {}
	at MC-BOOTSTRAP/fml_loader@4.0.43/net.neoforged.fml.loading.targets.CommonLaunchHandler.lambda$launchService$4(CommonLaunchHandler.java:118) ~[loader-4.0.43.jar%23107!/:4.0] {}
	at MC-BOOTSTRAP/cpw.mods.modlauncher@11.0.5/cpw.mods.modlauncher.LaunchServiceHandlerDecorator.launch(LaunchServiceHandlerDecorator.java:30) [modlauncher-11.0.5.jar%23112!/:?] {}
	at MC-BOOTSTRAP/cpw.mods.modlauncher@11.0.5/cpw.mods.modlauncher.LaunchServiceHandler.launch(LaunchServiceHandler.java:53) [modlauncher-11.0.5.jar%23112!/:?] {}
	at MC-BOOTSTRAP/cpw.mods.modlauncher@11.0.5/cpw.mods.modlauncher.LaunchServiceHandler.launch(LaunchServiceHandler.java:71) [modlauncher-11.0.5.jar%23112!/:?] {}
	at MC-BOOTSTRAP/cpw.mods.modlauncher@11.0.5/cpw.mods.modlauncher.Launcher.run(Launcher.java:103) [modlauncher-11.0.5.jar%23112!/:?] {}
	at MC-BOOTSTRAP/cpw.mods.modlauncher@11.0.5/cpw.mods.modlauncher.Launcher.main(Launcher.java:74) [modlauncher-11.0.5.jar%23112!/:?] {}
	at MC-BOOTSTRAP/cpw.mods.modlauncher@11.0.5/cpw.mods.modlauncher.BootstrapLaunchConsumer.accept(BootstrapLaunchConsumer.java:26) [modlauncher-11.0.5.jar%23112!/:?] {}
	at MC-BOOTSTRAP/cpw.mods.modlauncher@11.0.5/cpw.mods.modlauncher.BootstrapLaunchConsumer.accept(BootstrapLaunchConsumer.java:23) [modlauncher-11.0.5.jar%23112!/:?] {}
	at cpw.mods.bootstraplauncher@2.0.2/cpw.mods.bootstraplauncher.BootstrapLauncher.run(BootstrapLauncher.java:210) [bootstraplauncher-2.0.2.jar:?] {}
	at cpw.mods.bootstraplauncher@2.0.2/cpw.mods.bootstraplauncher.BootstrapLauncher.main(BootstrapLauncher.java:69) [bootstraplauncher-2.0.2.jar:?] {}


A detailed walkthrough of the error, its code path and all known details is as follows:
---------------------------------------------------------------------------------------

-- Head --
Thread: Render thread
Stacktrace:
	at java.base/java.util.LinkedHashMap$LinkedHashIterator.nextNode(LinkedHashMap.java:1025) ~[?:?] {}
	at java.base/java.util.LinkedHashMap$LinkedValueIterator.next(LinkedHashMap.java:1052) ~[?:?] {}
	at TRANSFORMER/ftbquests@2101.1.33/dev.ftb.mods.ftbquests.quest.QuestShape.reload(QuestShape.java:46) ~[ftb-quests-neoforge-2101.1.33.jar%23500!/:2101.1.33] {re:classloading}
	at TRANSFORMER/ftbquests@2101.1.33/dev.ftb.mods.ftbquests.quest.theme.ThemeLoader.loadTheme(ThemeLoader.java:60) ~[ftb-quests-neoforge-2101.1.33.jar%23500!/:2101.1.33] {re:classloading}
	at TRANSFORMER/ftbquests@2101.1.33/dev.ftb.mods.ftbquests.quest.theme.ThemeLoader.onResourceManagerReload(ThemeLoader.java:32) ~[ftb-quests-neoforge-2101.1.33.jar%23500!/:2101.1.33] {re:classloading}
	at TRANSFORMER/minecraft@1.21.1/net.minecraft.server.packs.resources.ResourceManagerReloadListener.lambda$reload$0(ResourceManagerReloadListener.java:15) ~[client-1.21.1-20240808.144430-srg.jar%23389!/:?] {re:mixin,pl:connector_pre_launch:A,re:computing_frames,pl:connector_pre_launch:A,re:classloading,pl:connector_pre_launch:A}
	at java.base/java.util.concurrent.CompletableFuture$UniRun.tryFire(CompletableFuture.java:787) ~[?:?] {}
	at java.base/java.util.concurrent.CompletableFuture$Completion.run(CompletableFuture.java:482) ~[?:?] {}
	at TRANSFORMER/minecraft@1.21.1/net.minecraft.server.packs.resources.SimpleReloadInstance.lambda$new$3(SimpleReloadInstance.java:69) ~[client-1.21.1-20240808.144430-srg.jar%23389!/:?] {re:mixin,pl:accesstransformer:B,pl:connector_pre_launch:A,re:classloading,pl:accesstransformer:B,pl:mixin:APP:modernfix-modernfix.mixins.json:feature.measure_time.SimpleReloadInstanceMixin from mod modernfix,pl:mixin:APP:veil.debug.mixins.json:SimpleReloadInstanceMixin from mod veil,pl:mixin:APP:lavender.mixins.json:SimpleResourceReloadMixin from mod lavender,pl:mixin:APP:fabric-resource-loader-v0.mixins.json:SimpleResourceReloadMixin from mod fabric_resource_loader_v0,pl:mixin:A,pl:connector_pre_launch:A}
	at TRANSFORMER/minecraft@1.21.1/net.minecraft.util.thread.BlockableEventLoop.doRunTask(BlockableEventLoop.java:148) ~[client-1.21.1-20240808.144430-srg.jar%23389!/:?] {re:mixin,pl:accesstransformer:B,pl:connector_pre_launch:A,re:computing_frames,pl:accesstransformer:B,pl:connector_pre_launch:A,re:classloading,pl:accesstransformer:B,pl:mixin:APP:mixins.essential.json:client.Mixin_ThreadTaskExecutor from mod (unknown),pl:mixin:A,pl:connector_pre_launch:A}
	at TRANSFORMER/minecraft@1.21.1/net.minecraft.util.thread.ReentrantBlockableEventLoop.doRunTask(ReentrantBlockableEventLoop.java:23) ~[client-1.21.1-20240808.144430-srg.jar%23389!/:?] {re:mixin,pl:connector_pre_launch:A,re:computing_frames,pl:connector_pre_launch:A,re:classloading,pl:connector_pre_launch:A}
	at TRANSFORMER/minecraft@1.21.1/net.minecraft.util.thread.BlockableEventLoop.pollTask(BlockableEventLoop.java:122) ~[client-1.21.1-20240808.144430-srg.jar%23389!/:?] {re:mixin,pl:accesstransformer:B,pl:connector_pre_launch:A,re:computing_frames,pl:accesstransformer:B,pl:connector_pre_launch:A,re:classloading,pl:accesstransformer:B,pl:mixin:APP:mixins.essential.json:client.Mixin_ThreadTaskExecutor from mod (unknown),pl:mixin:A,pl:connector_pre_launch:A}
-- Overlay render details --
Details:
	Overlay name: net.neoforged.neoforge.client.loading.NeoForgeLoadingOverlay
Stacktrace:
	at TRANSFORMER/minecraft@1.21.1/net.minecraft.client.renderer.GameRenderer.render(GameRenderer.java:1084) ~[client-1.21.1-20240808.144430-srg.jar%23389!/:?] {re:mixin,pl:accesstransformer:B,pl:connector_pre_launch:A,pl:runtimedistcleaner:A,re:classloading,pl:accesstransformer:B,pl:mixin:APP:mixins.iris.json:GameRendererAccessor from mod iris,pl:mixin:APP:mixins.iris.json:MixinGameRenderer from mod iris,pl:mixin:APP:mixins.iris.json:MixinModelViewBobbing from mod iris,pl:mixin:APP:veil.debug.mixins.json:accessor.DebugGameRendererAccessor from mod veil,pl:mixin:APP:veil.debug.mixins.json:client.profiler.GameRendererMixin from mod veil,pl:mixin:APP:veil.perspective.mixins.json:accessor.GameRendererAccessor from mod veil,pl:mixin:APP:veil.pipeline.mixins.json:client.PipelineGameRendererMixin from mod veil,pl:mixin:APP:veil.shader.mixins.json:client.ShaderGameRendererMixin from mod veil,pl:mixin:APP:veil.shader_recompile.mixins.json:client.ShaderRecompileGameRendererMixin from mod veil,pl:mixin:APP:ldlib2.mixins.json:shader.GameRendererMixin from mod ldlib2,pl:mixin:APP:cbcoptics.mixins.json:GameRendererMixin from mod cbcoptics,pl:mixin:APP:sodium-common.mixins.json:features.gui.hooks.console.GameRendererMixin from mod sodium,pl:mixin:APP:immediatelyfast-common.mixins.json:core.MixinGameRenderer from mod immediatelyfast,pl:mixin:APP:immediatelyfast-common.mixins.json:core.compat.MixinGameRenderer from mod immediatelyfast,pl:mixin:APP:immediatelyfast-common.mixins.json:hud_batching.MixinGameRenderer from mod immediatelyfast,pl:mixin:APP:nvidium.mixins.json:minecraft.MixinGameRenderer from mod acedium,pl:mixin:APP:ntgl.mixin.json:ntgl.client.GameRendererMixin from mod ntgl,pl:mixin:APP:ntgl.mixin.json:chassis.client.GameRendererMixin from mod ntgl,pl:mixin:APP:simulated.mixins.json:throttle_lever.GameRendererMixin from mod simulated,pl:mixin:APP:entity_model_features.mixins.json:MixinGameRenderer from mod entity_model_features,pl:mixin:APP:entity_model_features.mixins.json:accessor.Mixin_GuiEntityTester from mod entity_model_features,pl:mixin:APP:kubejs.mixins.json:GameRendererMixin from mod kubejs,pl:mixin:APP:owo.mixins.json:shader.GameRendererMixin from mod owo,pl:mixin:APP:alexscaves.mixins.json:client.GameRendererMixin from mod alexscaves,pl:mixin:APP:moonlight-common.mixins.json:GameRendererMixin from mod moonlight,pl:mixin:APP:ponder-common.mixins.json:client.accessor.GameRendererAccessor from mod ponder,pl:mixin:APP:create.mixins.json:client.GameRendererMixin from mod create,pl:mixin:APP:sable.mixins.json:camera.new_camera_types.GameRendererMixin from mod sable,pl:mixin:APP:sable.mixins.json:clip_overwrite.GameRendererMixin from mod sable,pl:mixin:APP:sable.mixins.json:config.GameRendererAccessor from mod sable,pl:mixin:APP:sable.mixins.json:entity.entities_turn_with_sub_levels.GameRendererMixin from mod sable,pl:mixin:APP:sable.mixins.json:water_occlusion.GameRendererMixin from mod sable,pl:mixin:APP:mixins.essential.json:client.renderer.MixinEntityRenderer_Zoom from mod (unknown),pl:mixin:APP:mixins.essential.json:events.Mixin_GuiDrawScreenEvent_Priority_Pre from mod (unknown),pl:mixin:APP:mixins.essential.json:events.Mixin_RenderTickEvent from mod (unknown),pl:mixin:APP:mixins.essential.json:feature.sps.Mixin_FixServerStatusWhenUpdatingIcon from mod (unknown),pl:mixin:APP:mixins.iris.json:MixinGameRenderer_NightVisionCompat from mod iris,pl:mixin:APP:securitycraft.mixins.json:camera.GameRendererMixin from mod securitycraft,pl:mixin:APP:forge-badoptimizations.mixins.json:accessors.GameRendererAccessor from mod badoptimizations,pl:mixin:APP:forge-badoptimizations.mixins.json:tick.MixinGameRenderer from mod badoptimizations,pl:mixin:APP:mixins.essential.json:events.Mixin_GuiDrawScreenEvent_Priority from mod (unknown),pl:mixin:A,pl:connector_pre_launch:A,pl:runtimedistcleaner:A}
	at TRANSFORMER/minecraft@1.21.1/net.minecraft.client.Minecraft.runTick(Minecraft.java:1195) ~[client-1.21.1-20240808.144430-srg.jar%23389!/:?] {re:mixin,pl:accesstransformer:B,pl:connector_pre_launch:A,pl:runtimedistcleaner:A,re:mixin,pl:accesstransformer:B,pl:connector_pre_launch:A,pl:runtimedistcleaner:A,re:mixin,pl:accesstransformer:B,pl:connector_pre_launch:A,pl:runtimedistcleaner:A,re:mixin,pl:accesstransformer:B,pl:connector_pre_launch:A,pl:runtimedistcleaner:A,re:classloading,pl:accesstransformer:B,pl:mixin:APP:mixins.essential.json:compatibility.vanilla.Mixin_CheckThreadSafetyOfOpenScreenMethod from mod (unknown),pl:mixin:APP:alexscaves.mixins.json:client.MinecraftMixin from mod alexscaves,pl:mixin:APP:owo.mixins.json:MinecraftClientMixin from mod owo,pl:mixin:APP:crash_assistant.mixins.json:MinecraftMixin from mod crash_assistant,pl:mixin:APP:create_break.mixins.json:TestMixin from mod create_break,pl:mixin:APP:modernfix-modernfix.mixins.json:bugfix.world_leaks.MinecraftMixin from mod modernfix,pl:mixin:APP:modernfix-modernfix.mixins.json:feature.measure_time.MinecraftMixin_Forge from mod modernfix,pl:mixin:APP:modernfix-modernfix.mixins.json:feature.measure_time.MinecraftMixin from mod modernfix,pl:mixin:APP:modernfix-modernfix.mixins.json:perf.encoder_cache_leak.MinecraftMixin from mod modernfix,pl:mixin:APP:modernfix-modernfix.mixins.json:perf.suspend_integrated_server_during_load.MinecraftMixin from mod modernfix,pl:mixin:APP:modernfix-modernfix.mixins.json:perf.dedicated_reload_executor.MinecraftMixin from mod modernfix,pl:mixin:APP:mixins.iris.json:MixinMinecraft_Images from mod iris,pl:mixin:APP:mixins.iris.json:MixinMinecraft_Keybinds from mod iris,pl:mixin:APP:mixins.iris.json:MixinMinecraft_PipelineManagement from mod iris,pl:mixin:APP:veil.debug.mixins.json:client.DebugMinecraftMixin from mod veil,pl:mixin:APP:veil.pipeline.mixins.json:client.PipelineMinecraftMixin from mod veil,pl:mixin:APP:veil.neoforge.mixins.json:client.MinecraftMixin from mod veil,pl:mixin:APP:balm.neoforge.mixins.json:MinecraftMixin from mod balm,pl:mixin:APP:fabric-screen-api-v1.mixins.json:MinecraftClientMixin from mod fabric_screen_api_v1,pl:mixin:APP:ldlib2.mixins.json:accessor.MinecraftAccessor from mod ldlib2,pl:mixin:APP:transition.mixins.json:EntityRenderStateMixin from mod transition,pl:mixin:APP:transition.mixins.json:EntityRendererMixin from mod transition,pl:mixin:APP:transition.mixins.json:BlockEntityRenderStateMixin from mod transition,pl:mixin:APP:transition.mixins.json:MinecraftMixin from mod transition,pl:mixin:APP:lithium-neoforge.mixins.json:startup.MinecraftMixin from mod lithium,pl:mixin:APP:aeronautics.mixins.json:custom_situational_music.MinecraftMixin from mod aeronautics,pl:mixin:APP:lavender.mixins.json:MinecraftClientMixin from mod lavender,pl:mixin:APP:sodium-common.mixins.json:core.MinecraftMixin from mod sodium,pl:mixin:APP:sodium-neoforge.mixins.json:platform.neoforge.EntrypointMixin from mod sodium,pl:mixin:APP:xaerohud.mixins.json:MixinMinecraftClient from mod xaerominimap,pl:mixin:APP:entityculling.mixins.json:DebugScreenEntriesAccessor from mod entityculling,pl:mixin:APP:entityculling.mixins.json:LivingEntityRendererAccessor from mod entityculling,pl:mixin:APP:immediatelyfast-common.mixins.json:core.MixinMinecraftClient from mod immediatelyfast,pl:mixin:APP:simulatedcoasters.mixins.json:MinecraftPickBlockAnchorMixin from mod simulatedcoasters,pl:mixin:APP:simulatedcoasters.mixins.json:MinecraftPickBlockFakeTrackMixin from mod simulatedcoasters,pl:mixin:APP:simulatedcoasters.mixins.json:MinecraftCoasterCurvePickMixin from mod simulatedcoasters,pl:mixin:APP:ntgl.mixin.json:ntgl.client.MinecraftMixin from mod ntgl,pl:mixin:APP:xaeroworldmap.mixins.json:MixinMinecraftClient from mod xaeroworldmap,pl:mixin:APP:xaeroworldmap.neoforge.mixins.json:MixinForgeMinecraftClient from mod xaeroworldmap,pl:mixin:APP:simulated.mixins.json:handle.MinecraftMixin from mod simulated,pl:mixin:APP:carryon.mixins.json:MinecraftMixin from mod carryon,pl:mixin:APP:entity_model_features.mixins.json:MixinResourceReloadStart from mod entity_model_features,pl:mixin:APP:entity_model_features.mixins.json:accessor.MinecraftClientAccessor from mod entity_model_features,pl:mixin:APP:entity_texture_features.mixins.json:reloading.MixinMinecraftClient from mod entity_texture_features,pl:mixin:APP:entity_texture_features.mixins.json:reloading.MixinResourceReload from mod entity_texture_features,pl:mixin:APP:fabric-networking-api-v1.client.mixins.json:accessor.MinecraftClientAccessor from mod fabric_networking_api_v1,pl:mixin:APP:fabric-lifecycle-events-v1.client.mixins.json:MinecraftClientMixin from mod fabric_lifecycle_events_v1,pl:mixin:APP:kubejs.mixins.json:MinecraftClientMixin from mod kubejs,pl:mixin:APP:owo.mixins.json:ui.MinecraftClientMixin from mod owo,pl:mixin:APP:DistantHorizons.neoforge.mixins.json:client.MixinMinecraft from mod distanthorizons,pl:mixin:APP:dragonlib.mixins.json:MinecraftMixin from mod dragonlib,pl:mixin:APP:architectury.mixins.json:MixinMinecraft from mod architectury,pl:mixin:APP:moonlight-common.mixins.json:MinecraftMixin from mod moonlight,pl:mixin:APP:flywheel.impl.mixins.json:MinecraftMixin from mod flywheel,pl:mixin:APP:ponder-common.mixins.json:client.WindowResizeMixin from mod ponder,pl:mixin:APP:create.mixins.json:accessor.MinecraftAccessor from mod create,pl:mixin:APP:sable.mixins.json:camera.new_camera_types.MinecraftMixin from mod sable,pl:mixin:APP:sable.mixins.json:plot.MinecraftMixin from mod sable,pl:mixin:APP:sable.mixins.json:punching.MinecraftMixin from mod sable,pl:mixin:APP:coasters_extras.mixins.json:PickBlockOurTrackMixin from mod coasters_extras,pl:mixin:APP:fabric-events-interaction-v0.client.mixins.json:MinecraftClientMixin from mod fabric_events_interaction_v0,pl:mixin:APP:sound_physics_remastered.mixins.json:MinecraftMixin from mod (unknown),pl:mixin:APP:mixins.essential.json:client.Mixin_IncreaseMenuFpsLimit from mod (unknown),pl:mixin:APP:mixins.essential.json:client.Mixin_RunEssentialTasks from mod (unknown),pl:mixin:APP:mixins.essential.json:client.MixinMinecraft from mod (unknown),pl:mixin:APP:mixins.essential.json:client.gui.Mixin_FixKeybindUnpressedInScreensThatAllowPlayerMovement from mod (unknown),pl:mixin:APP:mixins.essential.json:client.gui.Mixin_RecalculateMenuScale from mod (unknown),pl:mixin:APP:mixins.essential.json:client.gui.Mixin_UpdateWindowTitle_AddSPSTitle from mod (unknown),pl:mixin:APP:mixins.essential.json:client.gui.Mixin_UpdateWindowTitle_DisplayScreen from mod (unknown),pl:mixin:APP:mixins.essential.json:client.gui.Mixin_UpdateWindowTitle_LoadWorld from mod (unknown),pl:mixin:APP:mixins.essential.json:compatibility.vanilla.Mixin_FixDisconnectDuringResourcePackReload from mod (unknown),pl:mixin:APP:mixins.essential.json:compatibility.vanilla.Mixin_WorkaroundBrokenFramebufferBlitBlending from mod (unknown),pl:mixin:APP:mixins.essential.json:events.Mixin_RenderTickEvent_Final from mod (unknown),pl:mixin:APP:mixins.essential.json:client.gui.Mixin_AllowMovementDuringScreens_HandleKeybinds from mod (unknown),pl:mixin:APP:mixins.essential.json:feature.core.Mixin_GuiOpenedEvent from mod (unknown),pl:mixin:APP:mixins.essential.json:feature.core.Mixin_GuiOpenEvent from mod (unknown),pl:mixin:APP:mixins.essential.json:feature.skin_overwrites.MinecraftAccessor from mod (unknown),pl:mixin:APP:mixins.essential.json:feature.skin_overwrites.Mixin_InstallTrustingServicesKeyInfo from mod (unknown),pl:mixin:APP:modernfix-modernfix.mixins.json:feature.remove_telemetry.MinecraftMixin_Telemetry from mod modernfix,pl:mixin:APP:securitycraft.mixins.json:camera.MinecraftMixin from mod securitycraft,pl:mixin:APP:connector.mixins.json:boot.MinecraftMixin from mod connector,pl:mixin:A,pl:connector_pre_launch:A,pl:runtimedistcleaner:A}
	at TRANSFORMER/minecraft@1.21.1/net.minecraft.client.Minecraft.run(Minecraft.java:807) ~[client-1.21.1-20240808.144430-srg.jar%23389!/:?] {re:mixin,pl:accesstransformer:B,pl:connector_pre_launch:A,pl:runtimedistcleaner:A,re:mixin,pl:accesstransformer:B,pl:connector_pre_launch:A,pl:runtimedistcleaner:A,re:mixin,pl:accesstransformer:B,pl:connector_pre_launch:A,pl:runtimedistcleaner:A,re:mixin,pl:accesstransformer:B,pl:connector_pre_launch:A,pl:runtimedistcleaner:A,re:classloading,pl:accesstransformer:B,pl:mixin:APP:mixins.essential.json:compatibility.vanilla.Mixin_CheckThreadSafetyOfOpenScreenMethod from mod (unknown),pl:mixin:APP:alexscaves.mixins.json:client.MinecraftMixin from mod alexscaves,pl:mixin:APP:owo.mixins.json:MinecraftClientMixin from mod owo,pl:mixin:APP:crash_assistant.mixins.json:MinecraftMixin from mod crash_assistant,pl:mixin:APP:create_break.mixins.json:TestMixin from mod create_break,pl:mixin:APP:modernfix-modernfix.mixins.json:bugfix.world_leaks.MinecraftMixin from mod modernfix,pl:mixin:APP:modernfix-modernfix.mixins.json:feature.measure_time.MinecraftMixin_Forge from mod modernfix,pl:mixin:APP:modernfix-modernfix.mixins.json:feature.measure_time.MinecraftMixin from mod modernfix,pl:mixin:APP:modernfix-modernfix.mixins.json:perf.encoder_cache_leak.MinecraftMixin from mod modernfix,pl:mixin:APP:modernfix-modernfix.mixins.json:perf.suspend_integrated_server_during_load.MinecraftMixin from mod modernfix,pl:mixin:APP:modernfix-modernfix.mixins.json:perf.dedicated_reload_executor.MinecraftMixin from mod modernfix,pl:mixin:APP:mixins.iris.json:MixinMinecraft_Images from mod iris,pl:mixin:APP:mixins.iris.json:MixinMinecraft_Keybinds from mod iris,pl:mixin:APP:mixins.iris.json:MixinMinecraft_PipelineManagement from mod iris,pl:mixin:APP:veil.debug.mixins.json:client.DebugMinecraftMixin from mod veil,pl:mixin:APP:veil.pipeline.mixins.json:client.PipelineMinecraftMixin from mod veil,pl:mixin:APP:veil.neoforge.mixins.json:client.MinecraftMixin from mod veil,pl:mixin:APP:balm.neoforge.mixins.json:MinecraftMixin from mod balm,pl:mixin:APP:fabric-screen-api-v1.mixins.json:MinecraftClientMixin from mod fabric_screen_api_v1,pl:mixin:APP:ldlib2.mixins.json:accessor.MinecraftAccessor from mod ldlib2,pl:mixin:APP:transition.mixins.json:EntityRenderStateMixin from mod transition,pl:mixin:APP:transition.mixins.json:EntityRendererMixin from mod transition,pl:mixin:APP:transition.mixins.json:BlockEntityRenderStateMixin from mod transition,pl:mixin:APP:transition.mixins.json:MinecraftMixin from mod transition,pl:mixin:APP:lithium-neoforge.mixins.json:startup.MinecraftMixin from mod lithium,pl:mixin:APP:aeronautics.mixins.json:custom_situational_music.MinecraftMixin from mod aeronautics,pl:mixin:APP:lavender.mixins.json:MinecraftClientMixin from mod lavender,pl:mixin:APP:sodium-common.mixins.json:core.MinecraftMixin from mod sodium,pl:mixin:APP:sodium-neoforge.mixins.json:platform.neoforge.EntrypointMixin from mod sodium,pl:mixin:APP:xaerohud.mixins.json:MixinMinecraftClient from mod xaerominimap,pl:mixin:APP:entityculling.mixins.json:DebugScreenEntriesAccessor from mod entityculling,pl:mixin:APP:entityculling.mixins.json:LivingEntityRendererAccessor from mod entityculling,pl:mixin:APP:immediatelyfast-common.mixins.json:core.MixinMinecraftClient from mod immediatelyfast,pl:mixin:APP:simulatedcoasters.mixins.json:MinecraftPickBlockAnchorMixin from mod simulatedcoasters,pl:mixin:APP:simulatedcoasters.mixins.json:MinecraftPickBlockFakeTrackMixin from mod simulatedcoasters,pl:mixin:APP:simulatedcoasters.mixins.json:MinecraftCoasterCurvePickMixin from mod simulatedcoasters,pl:mixin:APP:ntgl.mixin.json:ntgl.client.MinecraftMixin from mod ntgl,pl:mixin:APP:xaeroworldmap.mixins.json:MixinMinecraftClient from mod xaeroworldmap,pl:mixin:APP:xaeroworldmap.neoforge.mixins.json:MixinForgeMinecraftClient from mod xaeroworldmap,pl:mixin:APP:simulated.mixins.json:handle.MinecraftMixin from mod simulated,pl:mixin:APP:carryon.mixins.json:MinecraftMixin from mod carryon,pl:mixin:APP:entity_model_features.mixins.json:MixinResourceReloadStart from mod entity_model_features,pl:mixin:APP:entity_model_features.mixins.json:accessor.MinecraftClientAccessor from mod entity_model_features,pl:mixin:APP:entity_texture_features.mixins.json:reloading.MixinMinecraftClient from mod entity_texture_features,pl:mixin:APP:entity_texture_features.mixins.json:reloading.MixinResourceReload from mod entity_texture_features,pl:mixin:APP:fabric-networking-api-v1.client.mixins.json:accessor.MinecraftClientAccessor from mod fabric_networking_api_v1,pl:mixin:APP:fabric-lifecycle-events-v1.client.mixins.json:MinecraftClientMixin from mod fabric_lifecycle_events_v1,pl:mixin:APP:kubejs.mixins.json:MinecraftClientMixin from mod kubejs,pl:mixin:APP:owo.mixins.json:ui.MinecraftClientMixin from mod owo,pl:mixin:APP:DistantHorizons.neoforge.mixins.json:client.MixinMinecraft from mod distanthorizons,pl:mixin:APP:dragonlib.mixins.json:MinecraftMixin from mod dragonlib,pl:mixin:APP:architectury.mixins.json:MixinMinecraft from mod architectury,pl:mixin:APP:moonlight-common.mixins.json:MinecraftMixin from mod moonlight,pl:mixin:APP:flywheel.impl.mixins.json:MinecraftMixin from mod flywheel,pl:mixin:APP:ponder-common.mixins.json:client.WindowResizeMixin from mod ponder,pl:mixin:APP:create.mixins.json:accessor.MinecraftAccessor from mod create,pl:mixin:APP:sable.mixins.json:camera.new_camera_types.MinecraftMixin from mod sable,pl:mixin:APP:sable.mixins.json:plot.MinecraftMixin from mod sable,pl:mixin:APP:sable.mixins.json:punching.MinecraftMixin from mod sable,pl:mixin:APP:coasters_extras.mixins.json:PickBlockOurTrackMixin from mod coasters_extras,pl:mixin:APP:fabric-events-interaction-v0.client.mixins.json:MinecraftClientMixin from mod fabric_events_interaction_v0,pl:mixin:APP:sound_physics_remastered.mixins.json:MinecraftMixin from mod (unknown),pl:mixin:APP:mixins.essential.json:client.Mixin_IncreaseMenuFpsLimit from mod (unknown),pl:mixin:APP:mixins.essential.json:client.Mixin_RunEssentialTasks from mod (unknown),pl:mixin:APP:mixins.essential.json:client.MixinMinecraft from mod (unknown),pl:mixin:APP:mixins.essential.json:client.gui.Mixin_FixKeybindUnpressedInScreensThatAllowPlayerMovement from mod (unknown),pl:mixin:APP:mixins.essential.json:client.gui.Mixin_RecalculateMenuScale from mod (unknown),pl:mixin:APP:mixins.essential.json:client.gui.Mixin_UpdateWindowTitle_AddSPSTitle from mod (unknown),pl:mixin:APP:mixins.essential.json:client.gui.Mixin_UpdateWindowTitle_DisplayScreen from mod (unknown),pl:mixin:APP:mixins.essential.json:client.gui.Mixin_UpdateWindowTitle_LoadWorld from mod (unknown),pl:mixin:APP:mixins.essential.json:compatibility.vanilla.Mixin_FixDisconnectDuringResourcePackReload from mod (unknown),pl:mixin:APP:mixins.essential.json:compatibility.vanilla.Mixin_WorkaroundBrokenFramebufferBlitBlending from mod (unknown),pl:mixin:APP:mixins.essential.json:events.Mixin_RenderTickEvent_Final from mod (unknown),pl:mixin:APP:mixins.essential.json:client.gui.Mixin_AllowMovementDuringScreens_HandleKeybinds from mod (unknown),pl:mixin:APP:mixins.essential.json:feature.core.Mixin_GuiOpenedEvent from mod (unknown),pl:mixin:APP:mixins.essential.json:feature.core.Mixin_GuiOpenEvent from mod (unknown),pl:mixin:APP:mixins.essential.json:feature.skin_overwrites.MinecraftAccessor from mod (unknown),pl:mixin:APP:mixins.essential.json:feature.skin_overwrites.Mixin_InstallTrustingServicesKeyInfo from mod (unknown),pl:mixin:APP:modernfix-modernfix.mixins.json:feature.remove_telemetry.MinecraftMixin_Telemetry from mod modernfix,pl:mixin:APP:securitycraft.mixins.json:camera.MinecraftMixin from mod securitycraft,pl:mixin:APP:connector.mixins.json:boot.MinecraftMixin from mod connector,pl:mixin:A,pl:connector_pre_launch:A,pl:runtimedistcleaner:A}
	at TRANSFORMER/minecraft@1.21.1/net.minecraft.client.main.Main.main(Main.java:230) ~[client-1.21.1-20240808.144430-srg.jar%23389!/:?] {re:mixin,pl:connector_pre_launch:A,pl:runtimedistcleaner:A,re:classloading,pl:mixin:APP:veil.debug.mixins.json:client.DebugMainMixin from mod veil,pl:mixin:A,pl:connector_pre_launch:A,pl:runtimedistcleaner:A}
	at java.base/jdk.internal.reflect.DirectMethodHandleAccessor.invoke(DirectMethodHandleAccessor.java:103) ~[?:?] {}
	at java.base/java.lang.reflect.Method.invoke(Method.java:580) ~[?:?] {re:mixin}
	at MC-BOOTSTRAP/fml_loader@4.0.43/net.neoforged.fml.loading.targets.CommonLaunchHandler.runTarget(CommonLaunchHandler.java:136) ~[loader-4.0.43.jar%23107!/:4.0] {}
	at MC-BOOTSTRAP/fml_loader@4.0.43/net.neoforged.fml.loading.targets.CommonLaunchHandler.clientService(CommonLaunchHandler.java:124) ~[loader-4.0.43.jar%23107!/:4.0] {}
	at MC-BOOTSTRAP/fml_loader@4.0.43/net.neoforged.fml.loading.targets.CommonClientLaunchHandler.runService(CommonClientLaunchHandler.java:32) ~[loader-4.0.43.jar%23107!/:4.0] {}
	at MC-BOOTSTRAP/fml_loader@4.0.43/net.neoforged.fml.loading.targets.CommonLaunchHandler.lambda$launchService$4(CommonLaunchHandler.java:118) ~[loader-4.0.43.jar%23107!/:4.0] {}
	at MC-BOOTSTRAP/cpw.mods.modlauncher@11.0.5/cpw.mods.modlauncher.LaunchServiceHandlerDecorator.launch(LaunchServiceHandlerDecorator.java:30) [modlauncher-11.0.5.jar%23112!/:?] {}
	at MC-BOOTSTRAP/cpw.mods.modlauncher@11.0.5/cpw.mods.modlauncher.LaunchServiceHandler.launch(LaunchServiceHandler.java:53) [modlauncher-11.0.5.jar%23112!/:?] {}
	at MC-BOOTSTRAP/cpw.mods.modlauncher@11.0.5/cpw.mods.modlauncher.LaunchServiceHandler.launch(LaunchServiceHandler.java:71) [modlauncher-11.0.5.jar%23112!/:?] {}
	at MC-BOOTSTRAP/cpw.mods.modlauncher@11.0.5/cpw.mods.modlauncher.Launcher.run(Launcher.java:103) [modlauncher-11.0.5.jar%23112!/:?] {}
	at MC-BOOTSTRAP/cpw.mods.modlauncher@11.0.5/cpw.mods.modlauncher.Launcher.main(Launcher.java:74) [modlauncher-11.0.5.jar%23112!/:?] {}
	at MC-BOOTSTRAP/cpw.mods.modlauncher@11.0.5/cpw.mods.modlauncher.BootstrapLaunchConsumer.accept(BootstrapLaunchConsumer.java:26) [modlauncher-11.0.5.jar%23112!/:?] {}
	at MC-BOOTSTRAP/cpw.mods.modlauncher@11.0.5/cpw.mods.modlauncher.BootstrapLaunchConsumer.accept(BootstrapLaunchConsumer.java:23) [modlauncher-11.0.5.jar%23112!/:?] {}
	at cpw.mods.bootstraplauncher@2.0.2/cpw.mods.bootstraplauncher.BootstrapLauncher.run(BootstrapLauncher.java:210) [bootstraplauncher-2.0.2.jar:?] {}
	at cpw.mods.bootstraplauncher@2.0.2/cpw.mods.bootstraplauncher.BootstrapLauncher.main(BootstrapLauncher.java:69) [bootstraplauncher-2.0.2.jar:?] {}


-- Uptime --
Details:
	JVM uptime: 28.470s
	Wall uptime: 10.043s
	High-res time: 26.640s
	Client ticks: 23 ticks / 1.150s

-- Last reload --
Details:
	Reload number: 1
	Reload reason: initial
	Finished: No
	Packs: vanilla, KubeJS Virtual Resource Pack [Before Mods, assets], fabric, Essential Assets, KubeJS Virtual Resource Pack [Internal, assets], KubeJS Virtual Resource Pack [After Mods, assets], KubeJS File Resource Pack [assets], essential, KubeJS Virtual Resource Pack [Last, assets]

-- System Details --
Details:
	Minecraft Version: 1.21.1
	Minecraft Version ID: 1.21.1
	Operating System: Windows 11 (amd64) version 10.0
	Java Version: 21.0.11, Eclipse Adoptium
	Java VM Version: OpenJDK 64-Bit Server VM (mixed mode, sharing), Eclipse Adoptium
	Memory: 699950792 bytes (667 MiB) / 2634022912 bytes (2512 MiB) up to 13019119616 bytes (12416 MiB)
	CPUs: 12
	Processor Vendor: AuthenticAMD
	Processor Name: AMD Ryzen 5 9600X 6-Core Processor             
	Identifier: AuthenticAMD Family 26 Model 68 Stepping 0
	Microarchitecture: unknown
	Frequency (GHz): 3.89
	Number of physical packages: 1
	Number of physical CPUs: 6
	Number of logical CPUs: 12
	Graphics card #0 name: AMD Radeon(TM) Graphics
	Graphics card #0 vendor: Advanced Micro Devices, Inc.
	Graphics card #0 VRAM (MiB): 512.00
	Graphics card #0 deviceId: VideoController1
	Graphics card #0 versionInfo: 32.0.21042.62
	Graphics card #1 name: NVIDIA GeForce RTX 5070
	Graphics card #1 vendor: NVIDIA
	Graphics card #1 VRAM (MiB): 12227.00
	Graphics card #1 deviceId: VideoController2
	Graphics card #1 versionInfo: 32.0.16.1088
	Memory slot #0 capacity (MiB): 16384.00
	Memory slot #0 clockSpeed (GHz): 4.80
	Memory slot #0 type: Unknown
	Virtual memory max (MiB): 50291.81
	Virtual memory used (MiB): 19710.86
	Swap memory total (MiB): 34816.00
	Swap memory used (MiB): 317.16
	Space in storage for jna.tmpdir (MiB): available: 1084708.13, total: 1906747.00
	Space in storage for org.lwjgl.system.SharedLibraryExtractPath (MiB): available: 1084708.13, total: 1906747.00
	Space in storage for io.netty.native.workdir (MiB): available: 1084708.13, total: 1906747.00
	Space in storage for java.io.tmpdir (MiB): available: 1084708.13, total: 1906747.00
	Space in storage for workdir (MiB): available: 1084708.13, total: 1906747.00
	JVM Flags: 4 total; -XX:HeapDumpPath=MojangTricksIntelDriversForPerformance_javaw.exe_minecraft.exe.heapdump -Xss1M -Xmx12416m -Xms256m
	Launched Version: neoforge-21.1.248
	Launcher name: minecraft-launcher
	Backend library: LWJGL version 3.3.3+5
	Backend API: NVIDIA GeForce RTX 5070/PCIe/SSE2 GL version 4.6.0 NVIDIA 610.88, NVIDIA Corporation
	Window size: 2560x1440
	GFLW Platform: win32
	GL Caps: Using framebuffer using OpenGL 3.2
	GL debug messages: 
	Is Modded: Definitely; Client brand changed to 'neoforge'
	Universe: 400921fb54442d18
	Type: Client (map_client.txt)
	Graphics mode: fancy
	Render Distance: 16/16 chunks
	Resource Packs: vanilla, fabric
	Current Language: en_us
	Locale: en_US
	System encoding: Cp1252
	File encoding: UTF-8
	CPU: 12x AMD Ryzen 5 9600X 6-Core Processor 
	Sinytra Connector: 2.0.0-beta.17+1.21.1
		SINYTRA CONNECTOR IS PRESENT!
		Please verify issues are not caused by Connector before reporting them to mod authors. If you're unsure, file a report on Connector's issue tracker.
		Connector's issue tracker can be found at https://github.com/Sinytra/Connector/issues.
		Installed Fabric mods:
		| ================================================== | ============================== | ============================== | ==================== |
		| lavender-0.1.15+1.21$core-0.1.2+1.21_mapped_moj_1. | lavender-md                    | lavender_md                    | 0.1.2_1.21           |
		| lavender-0.1.15+1.21_mapped_moj_1.21.1.jar         | Lavender                       | lavender                       | 0.1.15_1.21          |
		| continuity-3.0.0+1.21.neoforge_mapped_moj_1.21.1.j | Continuity                     | continuity                     | 3.0.0_1.21.neoforge  |
		| lavender-0.1.15+1.21$owo-ui-0.1.2+1.21_mapped_moj_ | lavender-md-owo-ui             | lavender_md_owo_ui             | 0.1.2_1.21           |
	ModLauncher: 11.0.5+main.901c6ea8
	ModLauncher launch target: forgeclient
	ModLauncher services: 
		sponge-mixin-0.15.2+mixin.0.8.7.jar mixin PLUGINSERVICE 
		loader-4.0.43.jar slf4jfixer PLUGINSERVICE 
		loader-4.0.43.jar runtime_enum_extender PLUGINSERVICE 
		at-modlauncher-10.0.1.jar accesstransformer PLUGINSERVICE 
		loader-4.0.43.jar runtimedistcleaner PLUGINSERVICE 
		modlauncher-11.0.5.jar mixin TRANSFORMATIONSERVICE 
		modlauncher-11.0.5.jar essential-loader TRANSFORMATIONSERVICE 
		modlauncher-11.0.5.jar fml TRANSFORMATIONSERVICE 
		modlauncher-11.0.5.jar crash_assistant TRANSFORMATIONSERVICE 
		modlauncher-11.0.5.jar connector_loader TRANSFORMATIONSERVICE 
	FML Language Providers: 
		kotlinforforge@5.12.0
		javafml@4.0
		lowcodefml@4.0
		minecraft@4.0
	Mod List: 
		acedium-0.4.1+mc1.21.1.jar                        |Acedium Sodiumized            |acedium                       |0.4.1+mc1.21.1      |Manifest: NOSIGNATURE
		aerocopycats-1.1.1.jar                            |aero_copycats                 |aerocopycats                  |1.1.0               |Manifest: NOSIGNATURE
		alchemancy-2.1.3-NeoForge-1.21.1.jar              |Alchemancy                    |alchemancy                    |2.1.3               |Manifest: NOSIGNATURE
		alex-mobs-tweaks-omni-1.3.0.jar                   |Alex Mobs: Tweaks             |amt                           |1.3.0               |Manifest: NOSIGNATURE
		alexscaves-2.0.10.jar                             |Alex's Caves                  |alexscaves                    |2.0.10              |Manifest: NOSIGNATURE
		alexsmobs-2.1.4-neoforge+1.21.1.jar               |Alex's Mobs Continued         |alexsmobs                     |2.1.4               |Manifest: NOSIGNATURE
		alexsdelight-1.6.jar                              |Alexs Delight                 |alexsdelight                  |1.6                 |Manifest: NOSIGNATURE
		amendments-neoforge-1.21-2.1.7.jar                |Amendments                    |amendments                    |1.21-2.1.7          |Manifest: NOSIGNATURE
		apollib-1.2.0-neoforge-21.1.jar                   |Apollib                       |apollib                       |1.2.0               |Manifest: NOSIGNATURE
		appleskin-neoforge-mc1.21-3.0.9.jar               |AppleSkin                     |appleskin                     |3.0.9+mc1.21        |Manifest: NOSIGNATURE
		architectury-13.0.11-neoforge.jar                 |Architectury                  |architectury                  |13.0.11             |Manifest: NOSIGNATURE
		atmosphere-1.21.1-neoforge-1.0.17.jar             |Atmosphere                    |atmosphere                    |1.0.17              |Manifest: NOSIGNATURE
		atomicreate-0.8.1.jar                             |atomic                        |atomicreate                   |0.8.0               |Manifest: NOSIGNATURE
		BadOptimizations-2.4.1-1.21.1.jar                 |BadOptimizations              |badoptimizations              |2.4.1               |Manifest: NOSIGNATURE
		balm-neoforge-1.21.1-21.0.65.jar                  |Balm                          |balm                          |21.0.65             |Manifest: NOSIGNATURE
		better-advanced-tooltips-2101.1.0-build.1.jar     |Better Advanced Tooltips      |betteradvancedtooltips        |2101.1.0-build.1    |Manifest: NOSIGNATURE
		betterbiomeblend-1.5.2.jar                        |Better Biome Reblend          |betterbiomereblend            |1.5.2               |Manifest: NOSIGNATURE
		better_create-1.0.0-neoforge-1.21.1.jar           |better create                 |better_create                 |1.0.0               |Manifest: NOSIGNATURE
		better_lib-neoforge-1.21.1-1.0.111.jar            |Better lib                    |better_lib                    |1.0.111             |Manifest: NOSIGNATURE
		blocksyouneed_luna-1.11.4-neoforge-1.21.1.jar     |Blocks You Need               |blocksyouneed_luna            |1.11.4              |Manifest: NOSIGNATURE
		carryon-neoforge-1.21.1-2.2.6.13.jar              |Carry On                      |carryon                       |2.2.6               |Manifest: NOSIGNATURE
		cbc_at_Neoforge_1.21.1_0.1.4c.jar                 |CBC Advanced Technology       |cbc_at                        |0.1.4c-1.21.1       |Manifest: NOSIGNATURE
		cbcoptics-0.2.2-all.jar                           |CBC Optics                    |cbcoptics                     |0.2.2               |Manifest: NOSIGNATURE
		chunksending-1.21-3.7.jar                         |chunksending mod              |chunksending                  |3.7                 |Manifest: NOSIGNATURE
		Chunky-NeoForge-1.4.23.jar                        |Chunky                        |chunky                        |1.4.23              |Manifest: NOSIGNATURE
		citadel-1.21.1-2.7.6.jar                          |Citadel                       |citadel                       |2.7.6               |Manifest: NOSIGNATURE
		cloth-config-15.0.140-neoforge.jar                |Cloth Config v15 API          |cloth_config                  |15.0.140            |Manifest: NOSIGNATURE
		Clumps-neoforge-1.21.1-19.0.0.1.jar               |Clumps                        |clumps                        |19.0.0.1            |Manifest: NOSIGNATURE
		coasterssimulatedextratypes-1.1.0-hotfix1.jar     |Coasters Simulated: Track Styl|coasterssimulatedextratypes   |1.1.0               |Manifest: NOSIGNATURE
		codecui-neoforge-1.21.1-1.3.6.jar                 |CodecUI                       |codecui                       |1.21.1-1.3.6        |Manifest: NOSIGNATURE
		codxlib-1.5.0-neoforge+1.21.1.jar                 |CodxLib                       |codxlib                       |1.5.0               |Manifest: NOSIGNATURE
		colorwheel-neoforge-1.2.9+mc1.21.1.jar            |Colorwheel                    |colorwheel                    |1.2.9+mc1.21.1      |Manifest: NOSIGNATURE
		colorwheel_patcher-neoforge-1.0.5+mc1.21.1.jar    |Colorwheel Patcher            |colorwheel_patcher            |1.0.5+mc1.21.1      |Manifest: NOSIGNATURE
		comforts-neoforge-9.0.5+1.21.1.jar                |Comforts                      |comforts                      |9.0.5+1.21.1        |Manifest: NOSIGNATURE
		compat_manager-1.21.1-1.0.7.jar                   |Compat Manager                |compat_manager                |1.0.7               |Manifest: NOSIGNATURE
		configured-neoforge-1.21.1-2.6.3.jar              |Configured                    |configured                    |2.6.3               |Manifest: 0d:78:5f:44:c0:47:0c:8c:e2:63:a3:04:43:d4:12:7d:b0:7c:35:37:dc:40:b1:c1:98:ec:51:eb:3b:3c:45:99
		continuity-3.0.0+1.21.neoforge_mapped_moj_1.21.1.j|Continuity                    |continuity                    |3.0.0_1.21.neoforge |Manifest: NOSIGNATURE
		Controlling-neoforge-1.21.1-19.0.5.jar            |Controlling                   |controlling                   |19.0.5              |Manifest: NOSIGNATURE
		coroutil-neoforge-1.21.0-1.3.9.jar                |CoroUtil                      |coroutil                      |1.21.0-1.3.9        |Manifest: NOSIGNATURE
		crash_assistant-neoforge.jar                      |Crash Assistant               |crash_assistant               |1.11.12             |Manifest: NOSIGNATURE
		create-1.21.1-6.0.10.jar                          |Create                        |create                        |6.0.10              |Manifest: NOSIGNATURE
		create-aeronautics-bundled-1.21.1-1.3.1.jar       |Create Aeronautics            |aeronautics_bundled           |1.3.1               |Manifest: NOSIGNATURE
		dev.eriksonn.aeronautics.aeronautics-neoforge-1.21|Create Aeronautics            |aeronautics                   |1.3.1               |Manifest: NOSIGNATURE
		CreateAeronauticsCopycatWing-1.21.1-1.0.2.jar     |Create Aeronautics: Copycat Wi|copycat_wing                  |1.0.2               |Manifest: NOSIGNATURE
		createdeliveryrequired-1.0.2.jar                  |Create Aeronautics: Delivery R|createdeliveryrequired        |1.0.2               |Manifest: NOSIGNATURE
		create_aeronautics_toolgun-0.3.5.jar              |Create Aeronautics: Toolgun   |create_aeronautics_toolgun    |0.3.5               |Manifest: NOSIGNATURE
		create_aeronautics_transmission_linkage-0.2.5.jar |Create Aeronautics: Transmissi|aeronautics_utility_objects   |0.2.5               |Manifest: NOSIGNATURE
		createbigcannons-5.11.7+mc.1.21.1.jar             |Create Big Cannons            |createbigcannons              |5.11.7              |Manifest: NOSIGNATURE
		create_break-neoforge-1.21.1-1.0.0.jar            |Create Break                  |create_break                  |1.0.0               |Manifest: NOSIGNATURE
		createaddition-1.6.0.jar                          |Create Crafts & Additions     |createaddition                |1.6.0               |Manifest: NOSIGNATURE
		createdieselgenerators-1.21.1-1.3.15.jar          |Create Diesel Generators      |createdieselgenerators        |1.21.1-1.3.15       |Manifest: NOSIGNATURE
		st_cdc-1.21.1-1.1.jar                             |Create Dough Compat (CDC)     |createdoughcompat             |1.1                 |Manifest: NOSIGNATURE
		electroenergetics-1.21.1-1.1.1.jar                |Create Electro Energetics     |electroenergetics             |1.21.1-1.1.1        |Manifest: NOSIGNATURE
		create_jetpack-forge-5.2.1.jar                    |Create Jetpack                |create_jetpack                |5.2.1               |Manifest: NOSIGNATURE
		create_chocolate-3.6.0-1.21.1.jar                 |Create More Chocolate         |create_chocolate              |3.6.0-1.21.1        |Manifest: NOSIGNATURE
		createmoreconveyor-neoforge-1.21.1-1.0.1.jar      |Create More Conveyor          |createmoreconveyor            |1.0.1               |Manifest: NOSIGNATURE
		cms-neoforge-1.2.0.jar                            |Create More Seats             |cms                           |1.2.0               |Manifest: NOSIGNATURE
		dev.ryanhcode.offroad.offroad-neoforge-1.21.1-1.3.|Create Offroad                |offroad                       |1.3.1               |Manifest: NOSIGNATURE
		create_sophback_compat-1.0.jar                    |Create Oh The Biomes We ve Gon|create_sophback_compat        |0.0NONE             |Manifest: NOSIGNATURE
		dev.simulated_team.simulated.simulated-neoforge-1.|Create Simulated              |simulated                     |1.3.1               |Manifest: NOSIGNATURE
		sliceanddice-4.3.3-neoforge.jar                   |Create Slice & Dice           |sliceanddice                  |4.3.3               |Manifest: NOSIGNATURE
		tracks-neoforge-1.21.1-1.0.1.jar                  |Create Tracks                 |tracks                        |1.0.1               |Manifest: NOSIGNATURE
		create_train_parts-0.5.2-1.21.1-6.0.10-281.jar    |Create Train Parts            |create_train_parts            |0.5.2               |Manifest: NOSIGNATURE
		trainutilities-neoforge-3.1.0.jar                 |Create Train Utilities        |trainutilities                |3.1.0               |Manifest: NOSIGNATURE
		createultimine-1.21.1-neoforge-1.3.2.jar          |Create Ultimine               |createultimine                |1.3.2               |Manifest: NOSIGNATURE
		createalchemy-1.4.0.jar                           |Create: Alchemy               |createalchemy                 |1.4.0               |Manifest: NOSIGNATURE
		create_bic_bit-1.0.2C.jar                         |Create: Bitterballen          |create_bic_bit                |1.0.2C              |Manifest: NOSIGNATURE
		create_bb-1.0.7-1.21.1-Neoforge.jar               |Create: Blocks & Bogies       |create_bb                     |1.0.7               |Manifest: NOSIGNATURE
		create_break_it_all_2.0.0.jar                     |Create: Break It All          |cr_bia                        |2.0.0               |Manifest: NOSIGNATURE
		createbb-1.1.3.jar                                |Create: Broken Bad ReBroken   |createbb                      |1.1.3               |Manifest: NOSIGNATURE
		createchemistry-ce-1.2.0.jar                      |Create: Chemistry Community Ed|createchemistry               |1.2.0               |Manifest: NOSIGNATURE
		coasters_extras-neoforge-1.21.1-1.2.1.jar         |Create: Coasters Extras       |coasters_extras               |2.1.0               |Manifest: NOSIGNATURE
		simulatedcoasters-0.1.5.jar                       |Create: Coasters Simulated    |simulatedcoasters             |0.1.5               |Manifest: NOSIGNATURE
		create_colored_chain_conveyor-1.0.2.jar           |Create: Colored Chain Conveyor|create_colored_chain_conveyor |1.0.2               |Manifest: NOSIGNATURE
		create_connected-1.3.2-mc1.21.1.jar               |Create: Connected             |create_connected              |1.3.2-mc1.21.1      |Manifest: NOSIGNATURE
		copycats-3.0.4+mc.1.21.1-neoforge.jar             |Create: Copycats+             |copycats                      |3.0.4+mc.1.21.1-neof|Manifest: NOSIGNATURE
		DnDesires-1.21.1-2.3a-BETA.jar                    |Create: Dreams n' Desires     |dndesires                     |2.3a-BETA           |Manifest: NOSIGNATURE
		create_enhanced_schematicannon-1.0.4.jar          |Create: Enhanced Schematicanno|create_enhanced_schematicannon|1.0.4               |Manifest: NOSIGNATURE
		escalated-1.3.2-mc.1.21.1.jar                     |Create: Escalated             |escalated                     |1.3.2               |Manifest: NOSIGNATURE
		create_expanded_logistics-1.2.1.jar               |Create: Expanded Logistics    |cel                           |1.2.1               |Manifest: NOSIGNATURE
		create_extra_casing-4.0.4.jar                     |Create: Extra Casing          |create_extra_casing           |4.0.4               |Manifest: NOSIGNATURE
		extra_gauges-2.1.2.jar                            |Create: Extra Gauges          |extra_gauges                  |2.1.2               |Manifest: NOSIGNATURE
		create-gunsmithing-1.21.1-1.4.9.jar               |Create: Gunsmithing           |cgs                           |1.4.9               |Manifest: NOSIGNATURE
		create_ice_creams-1.51.jar                        |Create: Ice Creams            |create_ice_creams             |1.51                |Manifest: NOSIGNATURE
		create_jetpack_curios-1.2.0-neoforge-1.21.1.jar   |Create: Jetpack Curios        |create_jetpack_curios         |1.2.0               |Manifest: NOSIGNATURE
		create_mob_spawners-1.1.0.jar                     |Create: Mob Spawners          |create_mob_spawners           |1.1.0               |Manifest: NOSIGNATURE
		createmorewrenchables-1.0.0.jar                   |Create: More Wrenchables      |createmorewrenchables         |1.0.0               |Manifest: NOSIGNATURE
		create-new-age-1.2.0+neoforge-mc1.21.1.jar        |Create: New Age               |create_new_age                |1.2.0+mc1.21.1      |Manifest: NOSIGNATURE
		CreateNumismatics-1.0.20+neoforge-mc1.21.1.jar    |Create: Numismatics           |numismatics                   |1.0.20+neoforge-mc1.|Manifest: NOSIGNATURE
		create_radar-0.4.9.4-1.21.1.jar                   |Create: Radars                |create_radar                  |0.4.9.4-1.21.1      |Manifest: NOSIGNATURE
		CreateRadiologistics-1.1.1.jar                    |Create: Radiologistics        |radiologistics                |1.1.1               |Manifest: NOSIGNATURE
		tfmg-1.2.0.jar                                    |Create: The Factory Must Grow |tfmg                          |1.2.0               |Manifest: NOSIGNATURE
		create_waterframes-1.0.jar                        |Create: Waterframes           |create_waterframes            |1.0                 |Manifest: NOSIGNATURE
		create_better_villagers-1.3.2.jar                 |Create_Better_Villagers       |create_better_villagers       |1.3.2               |Manifest: NOSIGNATURE
		create_dimension-1.0.4.jar                        |create_dimension              |create_dimension              |1.0.4               |Manifest: NOSIGNATURE
		createbetterfps-1.21.1-1.1.4.jar                  |CreateBetterFps               |createbetterfps               |1.1.4               |Manifest: NOSIGNATURE
		CreativeCore_NEOFORGE_v2.13.43_mc1.21.1.jar       |CreativeCore                  |creativecore                  |2.13.43             |Manifest: NOSIGNATURE
		Cuffed-PORT-1.21.1-1.3.16.jar                     |Cuffed PORT                   |cuffed                        |1.3.16              |Manifest: NOSIGNATURE
		cupboard-1.21.1-4.0.jar                           |Cupboard mod                  |cupboard                      |4.0                 |Manifest: NOSIGNATURE
		curios-neoforge-9.5.1+1.21.1.jar                  |Curios API                    |curios                        |9.5.1+1.21.1        |Manifest: NOSIGNATURE
		delightfulcreators-1.2.1.jar                      |Delightful Creators           |delightfulcreators            |1.2.1               |Manifest: NOSIGNATURE
		deployer-0.1.2.jar                                |Deployer                      |deployer                      |0.1.2               |Manifest: NOSIGNATURE
		DistantHorizons-3.2.0-b-1.21.1-fabric-neoforge.jar|Distant Horizons              |distanthorizons               |3.2.0-b             |Manifest: NOSIGNATURE
		dragonlib-neoforge-1.21.1-beta-3.0.23.jar         |DragonLib                     |dragonlib                     |1.21.1-beta-3.0.23  |Manifest: NOSIGNATURE
		entity_model_features-3.2.4-1.21-neoforge.jar     |Entity Model Features         |entity_model_features         |3.2.4               |Manifest: NOSIGNATURE
		entity_texture_features_1.21-neoforge-7.1.jar     |Entity Texture Features       |entity_texture_features       |7.1                 |Manifest: NOSIGNATURE
		entityculling-neoforge-1.10.5-mc1.21.1.jar        |EntityCulling                 |entityculling                 |1.10.5              |Manifest: NOSIGNATURE
		esl-neoforge-1.21.1-1.0.3+neoforge-mc1.21.1.jar   |ESL                           |esl                           |1.0.3               |Manifest: NOSIGNATURE
		Essential (neoforge_1.21.1).jar                   |Essential                     |essential                     |1.4.1.1             |Manifest: NOSIGNATURE
		ExplorersCompass-1.21.1-3.4.0-neoforge.jar        |Explorer's Compass            |explorerscompass              |1.21.1-3.4.0-neoforg|Manifest: NOSIGNATURE
		extended-build-limit-1.18-1.21.jar                |Extended Build Limit          |mr_extended_buildlimit        |1.18-1.21           |Manifest: NOSIGNATURE
		FarmersDelight-1.21.1-1.3.3.jar                   |Farmer's Delight              |farmersdelight                |1.3.3               |Manifest: NOSIGNATURE
		farmersdelight_extended-1.21.1-0.2.2.jar          |Farmer's Delight: Extended    |farmersdelight_extended       |1.21.1-0.2.2        |Manifest: NOSIGNATURE
		FastSuite-1.21.1-6.0.7.jar                        |Fast Suite                    |fastsuite                     |6.0.7               |Manifest: NOSIGNATURE
		fastleafdecay-35.jar                              |FastLeafDecay                 |fastleafdecay                 |35                  |Manifest: NOSIGNATURE
		Feature-Recycler-neoforge-2.0.0.jar               |Feature Recycler              |featurerecycler               |2.0.0               |Manifest: NOSIGNATURE
		ferritecore-7.0.3-neoforge.jar                    |Ferrite Core                  |ferritecore                   |7.0.3               |Manifest: 41:ce:50:66:d1:a0:05:ce:a1:0e:02:85:9b:46:64:e0:bf:2e:cf:60:30:9a:fe:0c:27:e0:63:66:9a:84:ce:8a
		flightlib-1.21.1-neoforge-4.0.36.jar              |Flight Lib                    |flightlib                     |4.0.36              |Manifest: NOSIGNATURE
		flywheel-neoforge-1.21.1-1.0.6.jar                |Flywheel                      |flywheel                      |1.0.6               |Manifest: NOSIGNATURE
		forgeconfigapiport-neoforge-21.1.1.jar            |Forge Config API Port         |forgeconfigapiport            |21.1.1              |Manifest: NOSIGNATURE
		forgified-fabric-api-0.116.15+2.3.4+1.21.1.jar    |Forgified Fabric API          |fabric_api                    |0.116.15+2.3.4+1.21.|Manifest: NOSIGNATURE
		fabric-api-base-0.4.42+d1308ded19.jar             |Forgified Fabric API Base     |fabric_api_base               |0.4.42+d1308ded19   |Manifest: NOSIGNATURE
		fabric-api-lookup-api-v1-1.6.72+6244b11119.jar    |Forgified Fabric API Lookup AP|fabric_api_lookup_api_v1      |1.6.72+6244b11119   |Manifest: NOSIGNATURE
		fabric-biome-api-v1-13.0.31+1e62d33c19.jar        |Forgified Fabric Biome API (v1|fabric_biome_api_v1           |13.0.31+1e62d33c19  |Manifest: NOSIGNATURE
		fabric-block-api-v1-1.1.0+b0c22bb819.jar          |Forgified Fabric Block API (v1|fabric_block_api_v1           |1.1.0+b0c22bb819    |Manifest: NOSIGNATURE
		fabric-blockrenderlayer-v1-1.1.52+c290471319.jar  |Forgified Fabric BlockRenderLa|fabric_blockrenderlayer_v1    |1.1.52+c290471319   |Manifest: NOSIGNATURE
		fabric-block-view-api-v2-1.0.10+9afaaf8c19.jar    |Forgified Fabric BlockView API|fabric_block_view_api_v2      |1.0.10+9afaaf8c19   |Manifest: NOSIGNATURE
		fabric-client-tags-api-v1-1.2.0+5adff2d719.jar    |Forgified Fabric Client Tags  |fabric_client_tags_api_v1     |1.2.0+5adff2d719    |Manifest: NOSIGNATURE
		fabric-command-api-v2-2.2.28+36d727be19.jar       |Forgified Fabric Command API (|fabric_command_api_v2         |2.2.28+36d727be19   |Manifest: NOSIGNATURE
		fabric-content-registries-v0-8.0.19+5e0d320019.jar|Forgified Fabric Content Regis|fabric_content_registries_v0  |8.0.19+5e0d320019   |Manifest: NOSIGNATURE
		fabric-convention-tags-v1-2.1.7+7f945d5b19.jar    |Forgified Fabric Convention Ta|fabric_convention_tags_v1     |2.1.7+7f945d5b19    |Manifest: NOSIGNATURE
		fabric-convention-tags-v2-2.12.0+75d3639619.jar   |Forgified Fabric Convention Ta|fabric_convention_tags_v2     |2.12.0+75d3639619   |Manifest: NOSIGNATURE
		fabric-data-attachment-api-v1-1.4.7+26d408aa19.jar|Forgified Fabric Data Attachme|fabric_data_attachment_api_v1 |1.4.7+26d408aa19    |Manifest: NOSIGNATURE
		fabric-data-generation-api-v1-20.3.0+3e2bcb4b19.ja|Forgified Fabric Data Generati|fabric_data_generation_api_v1 |20.3.0+3e2bcb4b19   |Manifest: NOSIGNATURE
		fabric-entity-events-v1-1.8.0+e46a02ca19.jar      |Forgified Fabric Entity Events|fabric_entity_events_v1       |1.8.0+e46a02ca19    |Manifest: NOSIGNATURE
		fabric-events-interaction-v0-0.7.14+057f5afd19.jar|Forgified Fabric Events Intera|fabric_events_interaction_v0  |0.7.14+057f5afd19   |Manifest: NOSIGNATURE
		fabric-game-rule-api-v1-1.0.53+36d727be19.jar     |Forgified Fabric Game Rule API|fabric_game_rule_api_v1       |1.0.53+36d727be19   |Manifest: NOSIGNATURE
		fabric-gametest-api-v1-2.0.5+29f188ce19.jar       |Forgified Fabric Game Test API|fabric_gametest_api_v1        |2.0.5+29f188ce19    |Manifest: NOSIGNATURE
		fabric-item-api-v1-11.3.0+766f218719.jar          |Forgified Fabric Item API (v1)|fabric_item_api_v1            |11.3.0+766f218719   |Manifest: NOSIGNATURE
		fabric-item-group-api-v1-4.1.7+e324903319.jar     |Forgified Fabric Item Group AP|fabric_item_group_api_v1      |4.1.7+e324903319    |Manifest: NOSIGNATURE
		fabric-key-binding-api-v1-1.0.47+62cc7ce119.jar   |Forgified Fabric Key Binding A|fabric_key_binding_api_v1     |1.0.47+62cc7ce119   |Manifest: NOSIGNATURE
		fabric-lifecycle-events-v1-2.6.0+e40d8add19.jar   |Forgified Fabric Lifecycle Eve|fabric_lifecycle_events_v1    |2.6.0+e40d8add19    |Manifest: NOSIGNATURE
		fabric-loot-api-v2-3.0.15+a3ee712d19.jar          |Forgified Fabric Loot API (v2)|fabric_loot_api_v2            |3.0.15+a3ee712d19   |Manifest: NOSIGNATURE
		fabric-loot-api-v3-1.0.3+333dfad919.jar           |Forgified Fabric Loot API (v3)|fabric_loot_api_v3            |1.0.3+333dfad919    |Manifest: NOSIGNATURE
		fabric-message-api-v1-6.0.14+6a754fce19.jar       |Forgified Fabric Message API (|fabric_message_api_v1         |6.0.14+6a754fce19   |Manifest: NOSIGNATURE
		fabric-model-loading-api-v1-2.1.0+6e8f52c719.jar  |Forgified Fabric Model Loading|fabric_model_loading_api_v1   |2.1.0+6e8f52c719    |Manifest: NOSIGNATURE
		fabric-networking-api-v1-4.3.1+7e3d421f19.jar     |Forgified Fabric Networking AP|fabric_networking_api_v1      |4.3.1+7e3d421f19    |Manifest: NOSIGNATURE
		fabric-object-builder-api-v1-15.2.1+cc242efd19.jar|Forgified Fabric Object Builde|fabric_object_builder_api_v1  |15.2.1+cc242efd19   |Manifest: NOSIGNATURE
		fabric-particles-v1-4.0.2+824f924c19.jar          |Forgified Fabric Particles (v1|fabric_particles_v1           |4.0.2+824f924c19    |Manifest: NOSIGNATURE
		fabric-recipe-api-v1-5.0.16+59440bcc19.jar        |Forgified Fabric Recipe API (v|fabric_recipe_api_v1          |5.0.16+59440bcc19   |Manifest: NOSIGNATURE
		fabric-registry-sync-v0-5.3.2+f9aace1619.jar      |Forgified Fabric Registry Sync|fabric_registry_sync_v0       |5.3.2+f9aace1619    |Manifest: NOSIGNATURE
		fabric-renderer-indigo-1.7.1+9125b6dc19.jar       |Forgified Fabric Renderer - In|fabric_renderer_indigo        |1.7.1+9125b6dc19    |Manifest: NOSIGNATURE
		fabric-renderer-api-v1-3.4.1+9125b6dc19.jar       |Forgified Fabric Renderer API |fabric_renderer_api_v1        |3.4.1+9125b6dc19    |Manifest: NOSIGNATURE
		fabric-renderer-registries-v1-3.2.69+df3654b319.ja|Forgified Fabric Renderer Regi|fabric_renderer_registries_v1 |3.2.69+df3654b319   |Manifest: NOSIGNATURE
		fabric-rendering-v1-5.1.0+1a09bd5a19.jar          |Forgified Fabric Rendering (v1|fabric_rendering_v1           |5.1.0+1a09bd5a19    |Manifest: NOSIGNATURE
		fabric-rendering-data-attachment-v1-0.3.48+73761d2|Forgified Fabric Rendering Dat|fabric_rendering_data_attachme|0.3.48+73761d2e19   |Manifest: NOSIGNATURE
		fabric-rendering-fluids-v1-3.1.6+ddc51b4719.jar   |Forgified Fabric Rendering Flu|fabric_rendering_fluids_v1    |3.1.6+ddc51b4719    |Manifest: NOSIGNATURE
		fabric-resource-conditions-api-v1-4.3.0+5bdd099819|Forgified Fabric Resource Cond|fabric_resource_conditions_api|4.3.0+5bdd099819    |Manifest: NOSIGNATURE
		fabric-resource-loader-v0-1.3.1+4ea8954419.jar    |Forgified Fabric Resource Load|fabric_resource_loader_v0     |1.3.1+4ea8954419    |Manifest: NOSIGNATURE
		fabric-screen-api-v1-2.0.26+9991ca2f19.jar        |Forgified Fabric Screen API (v|fabric_screen_api_v1          |2.0.26+9991ca2f19   |Manifest: NOSIGNATURE
		fabric-screen-handler-api-v1-1.3.91+8dbc56dd19.jar|Forgified Fabric Screen Handle|fabric_screen_handler_api_v1  |1.3.91+8dbc56dd19   |Manifest: NOSIGNATURE
		fabric-sound-api-v1-1.0.23+10b84f8419.jar         |Forgified Fabric Sound API (v1|fabric_sound_api_v1           |1.0.23+10b84f8419   |Manifest: NOSIGNATURE
		fabric-tag-api-v1-1.3.0+3e2bcb4b19.jar            |Forgified Fabric Tag API (v1) |fabric_tag_api_v1             |1.3.0+3e2bcb4b19    |Manifest: NOSIGNATURE
		fabric-transfer-api-v1-5.4.4+6244b11119.jar       |Forgified Fabric Transfer API |fabric_transfer_api_v1        |5.4.4+6244b11119    |Manifest: NOSIGNATURE
		fabric-transitive-access-wideners-v1-6.2.0+6c854b6|Forgified Fabric Transitive Ac|fabric_transitive_access_widen|6.2.0+6c854b6f19    |Manifest: NOSIGNATURE
		ftb-essentials-neoforge-2101.1.10.jar             |FTB Essentials                |ftbessentials                 |2101.1.10           |Manifest: NOSIGNATURE
		ftb-library-neoforge-2101.1.35.jar                |FTB Library                   |ftblibrary                    |2101.1.35           |Manifest: NOSIGNATURE
		ftb-quests-neoforge-2101.1.33.jar                 |FTB Quests                    |ftbquests                     |2101.1.33           |Manifest: NOSIGNATURE
		ftb-teams-neoforge-2101.1.10.jar                  |FTB Teams                     |ftbteams                      |2101.1.10           |Manifest: NOSIGNATURE
		ftb-ultimine-neoforge-2101.1.15.jar               |FTB Ultimine                  |ftbultimine                   |2101.1.15           |Manifest: NOSIGNATURE
		geckolib-neoforge-1.21.1-4.9.2.jar                |GeckoLib 4                    |geckolib                      |4.9.2               |Manifest: NOSIGNATURE
		getittogetherdrops-neoforge-1.21.5-1.4.jar        |Get It Together, Drops!       |getittogetherdrops            |1.4                 |Manifest: NOSIGNATURE
		ImmediatelyFast-NeoForge-1.6.12+1.21.1.jar        |ImmediatelyFast               |immediatelyfast               |1.6.12+1.21.1       |Manifest: NOSIGNATURE
		iris-neoforge-1.8.14-beta.1+mc1.21.1.jar          |Iris                          |iris                          |1.8.14-beta.1+mc1.21|Manifest: NOSIGNATURE
		Jade-1.21.1-NeoForge-15.10.6.jar                  |Jade                          |jade                          |15.10.6+neoforge    |Manifest: NOSIGNATURE
		jei-1.21.1-neoforge-19.44.0.403.jar               |Just Enough Items             |jei                           |19.44.0.403         |Manifest: NOSIGNATURE
		JustEnoughResources-NeoForge-1.21.1-1.6.0.17.jar  |Just Enough Resources         |jeresources                   |1.6.0.17            |Manifest: NOSIGNATURE
		knowlogy-neoforge-0.9.1-1.21.1.jar                |Knowlogy Book                 |knowlogy                      |0.9.1               |Manifest: NOSIGNATURE
		thedarkcolour.kffmod-5.12.0.jar                   |Kotlin For Forge              |kotlinforforge                |5.12.0              |Manifest: NOSIGNATURE
		kubejs-neoforge-2101.7.2-build.368.jar            |KubeJS                        |kubejs                        |2101.7.2-build.368  |Manifest: NOSIGNATURE
		kuma-api-neoforge-21.0.8+1.21.jar                 |KumaAPI                       |kuma_api                      |21.0.8              |Manifest: NOSIGNATURE
		lavender-0.1.15+1.21_mapped_moj_1.21.1.jar        |Lavender                      |lavender                      |0.1.15_1.21         |Manifest: NOSIGNATURE
		lavender-0.1.15+1.21$core-0.1.2+1.21_mapped_moj_1.|lavender-md                   |lavender_md                   |0.1.2_1.21          |Manifest: NOSIGNATURE
		lavender-0.1.15+1.21$owo-ui-0.1.2+1.21_mapped_moj_|lavender-md-owo-ui            |lavender_md_owo_ui            |0.1.2_1.21          |Manifest: NOSIGNATURE
		lazrslib-neoforge-1.21.1-1.2.1.jar                |Lazr's Lib                    |lazrslib                      |1.2.1               |Manifest: NOSIGNATURE
		limitedchunks-1.21-4.1.jar                        |limitedchunks mod             |limitedchunks                 |4.1                 |Manifest: NOSIGNATURE
		lithium-neoforge-0.15.4+mc1.21.1.jar              |Lithium                       |lithium                       |0.15.4+mc1.21.1     |Manifest: NOSIGNATURE
		lithostitched-1.8.0+beta4-neoforge-21.1.jar       |Lithostitched                 |lithostitched                 |1.8.0+beta4         |Manifest: NOSIGNATURE
		lootr-neoforge-1.21.1-1.11.38.123.jar             |Lootr                         |lootr                         |1.21.1-1.11.38.123  |Manifest: NOSIGNATURE
		ldlib2-neoforge-1.21.1-2.2.36.a-all.jar           |LowDragLib2                   |ldlib2                        |2.2.36.a            |Manifest: NOSIGNATURE
		Mekanism-1.21.1-10.7.19.85.jar                    |Mekanism                      |mekanism                      |10.7.19             |Manifest: NOSIGNATURE
		client-1.21.1-20240808.144430-srg.jar             |Minecraft                     |minecraft                     |1.21.1              |Manifest: a1:d4:5e:04:4f:d3:d6:e0:7b:37:97:cf:77:b0:de:ad:4a:47:ce:8c:96:49:5f:0a:cf:8c:ae:b2:6d:4b:8a:3f
		ModernElements-neoforge-1.4.1.jar                 |ModernElements                |modernelements                |1.4.1               |Manifest: NOSIGNATURE
		modernfix-neoforge-5.27.20+mc1.21.1.jar           |ModernFix                     |modernfix                     |5.27.20+mc1.21.1    |Manifest: NOSIGNATURE
		moonlight-1.21.1-3.4.1-neoforge.jar               |Moonlight Lib                 |moonlight                     |1.21.1-3.4.1        |Manifest: NOSIGNATURE
		morepropulsion-1.3.0.jar                          |More Propulsion               |morepropulsion                |1.3.0               |Manifest: NOSIGNATURE
		MouseTweaks-neoforge-mc1.21-2.26.1.jar            |Mouse Tweaks                  |mousetweaks                   |2.26.1              |Manifest: NOSIGNATURE
		naturalphilosophy-4.0.0.jar                       |Natural Philosophy            |naturalphilosophy             |4.0.0               |Manifest: NOSIGNATURE
		neoforge-21.1.248-universal.jar                   |NeoForge                      |neoforge                      |21.1.248            |Manifest: NOSIGNATURE
		noisium-neoforge-2.7.0+mc1.21-1.21.1.jar          |Noisium                       |noisium                       |2.7.0+mc1.21-1.21.1 |Manifest: NOSIGNATURE
		nowheel-1.0.6+1.21.1neoforge.jar                  |Nowheel                       |nowheel                       |1.0.6               |Manifest: NOSIGNATURE
		ntgl-1.21.1-3.2.0.jar                             |NukaTeam's Gun Lib            |ntgl                          |3.2.0               |Manifest: NOSIGNATURE
		owo-lib-neoforge-0.12.15.5-beta.1+1.21.jar        |oωo                           |owo                           |0.12.15.5-beta.1+1.2|Manifest: NOSIGNATURE
		packetfixer-3.3.1-1.20.5-1.21.X-merged.jar        |PacketFixer                   |packetfixer                   |3.3.1               |Manifest: NOSIGNATURE
		Patchouli-1.21.1-93-NEOFORGE.jar                  |Patchouli                     |patchouli                     |1.21.1-93-NEOFORGE  |Manifest: NOSIGNATURE
		Placebo-1.21.1-9.9.2.jar                          |Placebo                       |placebo                       |9.9.2               |Manifest: NOSIGNATURE
		player-animation-lib-forge-2.0.4+1.21.1.jar       |Player Animator               |playeranimator                |2.0.4+1.21.1        |Manifest: NOSIGNATURE
		polymorph-neoforge-1.1.0+1.21.1.jar               |Polymorph                     |polymorph                     |1.1.0+1.21.1        |Manifest: NOSIGNATURE
		ponder-neoforge-1.0.82+mc1.21.1.jar               |Ponder                        |ponder                        |1.0.82+mc1.21.1     |Manifest: NOSIGNATURE
		ponderjs-neoforge-1.21.1-2.4.0.jar                |PonderJS                      |ponderjs                      |1.21.1-2.4.0        |Manifest: NOSIGNATURE
		portable_physics_assembler-1.0.0.jar              |Portable Physics Assembler Aer|portable_physics_assembler    |1.0.0               |Manifest: NOSIGNATURE
		projectvibrantjourneys-1.21.1-7.0.9.jar           |Project: Vibrant Journeys     |projectvibrantjourneys        |1.21.1-7.0.9        |Manifest: NOSIGNATURE
		quantified api-omni-2.2.0.jar                     |Quantified API                |quantified                    |2.2.0               |Manifest: NOSIGNATURE
		rhino-2101.2.7-build.85.jar                       |Rhino                         |rhino                         |2101.2.7-build.85   |Manifest: NOSIGNATURE
		ritchiesprojectilelib-2.1.2-mc.1.21.1-neoforge.jar|Ritchie's Projectile Library  |ritchiesprojectilelib         |2.1.2               |Manifest: NOSIGNATURE
		sable-neoforge-1.21.1-2.0.5.jar                   |Sable                         |sable                         |2.0.5               |Manifest: NOSIGNATURE
		sable-companion-common-1.21.1-1.6.0.jar           |Sable Companion               |sablecompanion                |1.6.0               |Manifest: NOSIGNATURE
		sauce_delight-2.0.2-SNAPSHOT.jar                  |Sauce Delight                 |sauce_delight                 |2.0.2-SNAPSHOT      |Manifest: NOSIGNATURE
		screenshotchat-1.0.0.jar                          |Screenshot Chat               |screenshotchat                |1.0.0               |Manifest: NOSIGNATURE
		Searchables-neoforge-1.21.1-1.0.2.jar             |Searchables                   |searchables                   |1.0.2               |Manifest: NOSIGNATURE
		[1.21.1] SecurityCraft v1.10.2.1.jar              |SecurityCraft                 |securitycraft                 |1.10.2.1            |Manifest: NOSIGNATURE
		shield_generators-1.4.0.jar                       |Shield Generators             |shield_generators             |1.4.0               |Manifest: NOSIGNATURE
		org.sinytra.connector-2.0.0-beta.17+1.21.1-mod.jar|Sinytra Connector             |connector                     |2.0.0-beta.17+1.21.1|Manifest: NOSIGNATURE
		smoothchunk-1.21-4.1.jar                          |Smoothchunk mod               |smoothchunk                   |4.1                 |Manifest: NOSIGNATURE
		net.caffeinemc.sodium-neoforge-0.8.12+mc1.21.1-mod|Sodium                        |sodium                        |0.8.12+mc1.21.1     |Manifest: NOSIGNATURE
		sophisticatedbackpacks-1.21.1-3.25.78.2107.jar    |Sophisticated Backpacks       |sophisticatedbackpacks        |3.25.78             |Manifest: NOSIGNATURE
		sophisticatedbackpackscreateintegration-1.21.1-0.1|Sophisticated Backpacks Create|sophisticatedbackpackscreatein|0.1.8               |Manifest: NOSIGNATURE
		sophisticatedcore-1.21.1-1.4.89.2291.jar          |Sophisticated Core            |sophisticatedcore             |1.4.89              |Manifest: NOSIGNATURE
		sophisticatedstorage-1.21.1-1.5.91.2127.jar       |Sophisticated Storage         |sophisticatedstorage          |1.5.91              |Manifest: NOSIGNATURE
		sophisticatedstoragecreateintegration-1.21.1-0.1.2|Sophisticated Storage Create I|sophisticatedstoragecreateinte|0.1.21              |Manifest: NOSIGNATURE
		sound-physics-remastered-neoforge-1.21.1-1.5.1.jar|Sound Physics Remastered      |sound_physics_remastered      |1.21.1-1.5.1        |Manifest: NOSIGNATURE
		spark-1.10.124-neoforge.jar                       |spark                         |spark                         |1.10.124            |Manifest: NOSIGNATURE
		spectrelib-neoforge-0.17.2+1.21.jar               |SpectreLib                    |spectrelib                    |0.17.2+1.21         |Manifest: NOSIGNATURE
		structureessentials-1.21.1-5.0.jar                |Structure Essentials mod      |structureessentials           |5.0                 |Manifest: NOSIGNATURE
		tectonic-3.0.26-neoforge-21.1.jar                 |Tectonic                      |tectonic                      |3.0.26              |Manifest: NOSIGNATURE
		traderoller-1.0.0.jar                             |Traderoller                   |traderoller                   |1.0.0               |Manifest: NOSIGNATURE
		TRansition-1.0.21-1.21.1-neoforge-SNAPSHOT.jar    |TRansition                    |transition                    |1.0.21              |Manifest: NOSIGNATURE
		TRender-1.0.15-1.21.1-neoforge-SNAPSHOT.jar       |TRender                       |trender                       |1.0.15              |Manifest: NOSIGNATURE
		ulticreatecompatability-1.0.0.jar                 |UltiCreate Compatability      |ulticreatecompatability       |1.0.0               |Manifest: NOSIGNATURE
		underground_village-neoforge-1.21.1-2.0.jar       |Underground Village, Stoneholm|underground_village           |2.0                 |Manifest: NOSIGNATURE
		veil-neoforge-1.21.1-4.4.1.jar                    |Veil                          |veil                          |4.4.1               |Manifest: NOSIGNATURE
		vestalihy-2.5.3.jar                               |Vestalihy                     |vestalihy                     |2.5.3               |Manifest: NOSIGNATURE
		visual_recipe_edit_create-1.1.0-neoforge-1.21.1.ja|Visual Recipe Edit-Create     |visual_recipe_edit_create     |1.1.0-neoforge-1.21.|Manifest: NOSIGNATURE
		visual_recipe_edit_world-1.0.2-neoforge-1.21.1.jar|Visual Recipe Edit-World      |visual_recipe_edit_world      |1.0.2-neoforge-1.21.|Manifest: NOSIGNATURE
		waterframes-NEOFORGE-mc1.21.1-v2.1.23.jar         |WaterFrames                   |waterframes                   |2.1.23              |Manifest: NOSIGNATURE
		watermedia-2.1.37.jar                             |WaterMedia                    |watermedia                    |2.1.37              |Manifest: NOSIGNATURE
		watermedia_youtube_plugin-2.1.2.jar               |WaterMedia YT Plugin          |watermedia_youtube_plugin     |2.1.2               |Manifest: NOSIGNATURE
		watervision-NF-mc1.21.1-v0.1.0-alpha.jar          |WaterVision                   |watervision                   |0.1.0-alpha         |Manifest: NOSIGNATURE
		waystones-neoforge-1.21.1-21.1.41.jar             |Waystones                     |waystones                     |21.1.41             |Manifest: NOSIGNATURE
		worldedit-mod-7.3.8.jar                           |WorldEdit                     |worldedit                     |7.3.8+6939-7d32b45  |Manifest: NOSIGNATURE
		xaerotrainmap-1.0.0.jar                           |Xaero Train Map               |xaerotrainmap                 |1.0.0               |Manifest: NOSIGNATURE
		xaerominimap-neoforge-1.21.1-26.4.2.jar           |Xaero's Minimap               |xaerominimap                  |26.4.2              |Manifest: NOSIGNATURE
		xaeroworldmap-neoforge-1.21.1-1.44.2.jar          |Xaero's World Map             |xaeroworldmap                 |1.44.2              |Manifest: NOSIGNATURE
		xaerolib-neoforge-1.21.1-1.7.1.jar                |XaeroLib                      |xaerolib                      |1.7.1               |Manifest: NOSIGNATURE
		ycurrenci-2.1.0-neoforge-1.21.1.jar               |Ycurrenci                     |ycurrenci                     |2.1.0               |Manifest: NOSIGNATURE
	Crash Report UUID: 96d90143-bd1c-444b-b6e8-6e6e00482f7d
	FML: 4.0.43
	NeoForge: 21.1.248
	Flywheel Backend: flywheel:off
[20Aug2026 19:14:14.006] [Render thread/FATAL] [net.neoforged.neoforge.common.NeoForgeMod/]: Preparing crash report with UUID fe43bdbd-bd2c-4bbc-958e-4f3cdf802c05
[20Aug2026 19:14:14.007] [Render thread/INFO] [STDOUT/]: [net.minecraft.server.Bootstrap:realStdoutPrintln:135]: #@!@# Game crashed! Crash report saved to: #@!@# C:\Users\bramb\curseforge\minecraft\Instances\sience for meth forever test\crash-reports\crash-2026-08-20_19.14.13-client.txt
[20Aug2026 19:14:14.008] [Thread-32/INFO] [watermedia/Bootstrap]: Shutting down...
[20Aug2026 19:14:14.008] [Thread-32/INFO] [watermedia/Bootstrap]: Releasing CacheAPI
[20Aug2026 19:14:14.009] [Thread-32/INFO] [watermedia/Bootstrap]: Releasing PlayerAPI
